{
    "providers": [
      {
         "file":"custom_ui:icons/pixel_split.png",
         "chars":[
            "‌"
         ],
         "height":0,
         "ascent":0,
         "type":"bitmap"
      },
      {
         "file":"custom_ui:icons/coin.png",
         "chars":[
            ""
         ],
         "ascent":8,
         "height":10,
         "type":"bitmap"
      },
      {
         "file":"custom_ui:icons/gem.png",
         "chars":[
            ""
         ],
         "ascent":8,
         "height":10,
         "type":"bitmap"
      },
      {
         "file":"custom_ui:icons/overworld.png",
         "chars":[
            ""
         ],
         "ascent":7,
         "height":12,
         "type":"bitmap"
      },
      {
         "file":"custom_ui:icons/pixel.png",
         "chars":[
            "꤂"
         ],
         "height":2,
         "ascent":-2,
         "type":"bitmap"
      },
      {
         "file":"custom_ui:icons/pixel_split.png",
         "chars":[
            "꤁"
         ],
         "height":-3,
         "ascent":-32768,
         "type":"bitmap"
      },
      {
         "file":"custom_ui:icons/right_click2.png",
         "chars":[
            ""
         ],
         "height":8,
         "ascent":8,
         "type":"bitmap"
      },
      {
         "file":"custom_ui:icons/left_click.png",
         "chars":[
            ""
         ],
         "height":8,
         "ascent":8,
         "type":"bitmap"
      },
      {
         "file":"custom_ui:icons/right_click.png",
         "chars":[
            ""
         ],
         "height":8,
         "ascent":8,
         "type":"bitmap"
      },
      {
         "file":"custom_ui:icons/compass.png",
         "chars":[
            ""
         ],
         "height":12,
         "ascent":9,
         "type":"bitmap"
      },
      {
         "file":"custom_ui:icons/earth.png",
         "chars":[
            ""
         ],
         "height":12,
         "ascent":9,
         "type":"bitmap"
      },
      {
         "file":"custom_ui:icons/yes.png",
         "chars":[
            ""
         ],
         "height":14,
         "ascent":12,
         "type":"bitmap"
      },
      {
         "file":"custom_ui:icons/no.png",
         "chars":[
            ""
         ],
         "height":12,
         "ascent":9,
         "type":"bitmap"
      },
      {
         "file":"custom_ui:icons/gravekeeper.png",
         "chars":[
            ""
         ],
         "height":8,
         "ascent":8,
         "type":"bitmap"
      },
      {
         "file":"custom_ui:icons/shift.png",
         "chars":[
            ""
         ],
         "height":8,
         "ascent":8,
         "type":"bitmap"
      },
      {
         "file":"custom_ui:icons/exclamation_yellow.png",
         "chars":[
            ""
         ],
         "height":7,
         "ascent":7,
         "type":"bitmap"
      },
      {
         "file":"custom_ui:icons/exclamation_red.png",
         "chars":[
            ""
         ],
         "height":7,
         "ascent":7,
         "type":"bitmap"
      },
      {
         "file":"custom_ui:icons/exclamation_green.png",
         "chars":[
            ""
         ],
         "height":7,
         "ascent":7,
         "type":"bitmap"
      },
      {
         "file":"custom_ui:icons/exclamation_blue.png",
         "chars":[
            ""
         ],
         "height":7,
         "ascent":7,
         "type":"bitmap"
      },
      {
         "file":"custom_ui:icons/exclamation_purple.png",
         "chars":[
            ""
         ],
         "height":7,
         "ascent":7,
         "type":"bitmap"
      },
      {
         "file":"custom_ui:icons/speech.png",
         "chars":[
            ""
         ],
         "height":9,
         "ascent":8,
         "type":"bitmap"
      }
   ]
}
