{
	"format_version": "1.21.6",
	"credit": "Made with Blockbench",
	"texture_size": [32, 32],
	"textures": {
		"0": "item/dungeon_key/alien_key_a",
		"4": "item/dungeon_key/alien_key",
		"particle": "item/dungeon_key/alien_key_a"
	},
	"elements": [
		{
			"from": [4, 10, 3],
			"to": [12, 14, 11],
			"faces": {
				"north": {"uv": [0, 0, 16, 10], "texture": "#0"},
				"east": {"uv": [4, 8, 8, 10], "texture": "#4"},
				"south": {"uv": [8, 8, 12, 10], "texture": "#4"},
				"west": {"uv": [8.5, 0, 12.5, 2], "texture": "#4"},
				"up": {"uv": [12.5, 8, 8.5, 4], "texture": "#4"},
				"down": {"uv": [4, 12, 0, 16], "texture": "#4"}
			}
		},
		{
			"from": [5.2, 7, 3.4],
			"to": [10.7, 11, 11.4],
			"rotation": {"angle": -10, "axis": "x", "origin": [8, 9, 7.4]},
			"faces": {
				"north": {"uv": [0, 10, 16, 16], "texture": "#0"},
				"east": {"uv": [4, 10, 8, 12], "texture": "#4"},
				"south": {"uv": [8, 10, 12, 12], "texture": "#4"},
				"west": {"uv": [8.5, 2, 12.5, 4], "texture": "#4"},
				"up": {"uv": [12.5, 8, 8.5, 4], "texture": "#4"},
				"down": {"uv": [4, 12, 0, 16], "texture": "#4"}
			}
		},
		{
			"from": [7, 14, 6],
			"to": [9, 22, 8],
			"faces": {
				"north": {"uv": [4, 12, 5, 16], "texture": "#4"},
				"east": {"uv": [5, 12, 6, 16], "texture": "#4"},
				"south": {"uv": [6, 12, 7, 16], "texture": "#4"},
				"west": {"uv": [7, 12, 8, 16], "texture": "#4"},
				"up": {"uv": [10, 13, 9, 12], "texture": "#4"},
				"down": {"uv": [13, 9.5, 12, 10.5], "texture": "#4"}
			}
		},
		{
			"from": [5, 20.3, 6],
			"to": [7, 21.7, 8],
			"faces": {
				"north": {"uv": [12.5, 1.5, 13.5, 2], "texture": "#4"},
				"east": {"uv": [12.5, 2, 13.5, 2.5], "texture": "#4"},
				"south": {"uv": [12.5, 2.5, 13.5, 3], "texture": "#4"},
				"west": {"uv": [12.5, 3, 13.5, 3.5], "texture": "#4"},
				"up": {"uv": [11, 13, 10, 12], "texture": "#4"},
				"down": {"uv": [13, 10.5, 12, 11.5], "texture": "#4"}
			}
		},
		{
			"from": [5, 18.3, 6],
			"to": [7, 19.7, 8],
			"faces": {
				"north": {"uv": [12.5, 3.5, 13.5, 4], "texture": "#4"},
				"east": {"uv": [12.5, 4, 13.5, 4.5], "texture": "#4"},
				"south": {"uv": [12.5, 4.5, 13.5, 5], "texture": "#4"},
				"west": {"uv": [12.5, 5, 13.5, 5.5], "texture": "#4"},
				"up": {"uv": [12, 13, 11, 12], "texture": "#4"},
				"down": {"uv": [13, 11.5, 12, 12.5], "texture": "#4"}
			}
		},
		{
			"from": [9, 1, 6],
			"to": [11, 6, 6],
			"rotation": {"angle": 45, "axis": "x", "origin": [10, 5.25, 7.175]},
			"faces": {
				"north": {"uv": [8, 12, 9, 14.5], "texture": "#4"},
				"east": {"uv": [0, 0, 0, 2.5], "texture": "#4"},
				"south": {"uv": [8, 12, 9, 14.5], "texture": "#4"},
				"west": {"uv": [0, 0, 0, 2.5], "texture": "#4"},
				"up": {"uv": [1, 0, 0, 0], "texture": "#4"},
				"down": {"uv": [1, 0, 0, 0], "texture": "#4"}
			}
		},
		{
			"from": [8.5, 1, 2.7],
			"to": [11.5, 1, 6],
			"rotation": {"angle": 45, "axis": "x", "origin": [10, 5.25, 7.175]},
			"faces": {
				"north": {"uv": [0, 0, 1, 0], "texture": "#4"},
				"east": {"uv": [0, 0, 1, 0], "texture": "#4"},
				"south": {"uv": [0, 0, 1, 0], "texture": "#4"},
				"west": {"uv": [0, 0, 1, 0], "texture": "#4"},
				"up": {"uv": [13.5, 9.5, 12, 8], "texture": "#4"},
				"down": {"uv": [13.5, 8, 12, 9.5], "texture": "#4"}
			}
		},
		{
			"from": [4.5, 1, 2.7],
			"to": [7.5, 1, 6],
			"rotation": {"angle": 45, "axis": "x", "origin": [10, 5.25, 7.175]},
			"faces": {
				"north": {"uv": [0, 0, 1, 0], "texture": "#4"},
				"east": {"uv": [0, 0, 1, 0], "texture": "#4"},
				"south": {"uv": [0, 0, 1, 0], "texture": "#4"},
				"west": {"uv": [0, 0, 1, 0], "texture": "#4"},
				"up": {"uv": [13.5, 9.5, 12, 8], "texture": "#4"},
				"down": {"uv": [13.5, 8, 12, 9.5], "texture": "#4"}
			}
		},
		{
			"from": [5, 1, 6],
			"to": [7, 6, 6],
			"rotation": {"angle": 45, "axis": "x", "origin": [10, 5.25, 7.175]},
			"faces": {
				"north": {"uv": [8, 12, 9, 14.5], "texture": "#4"},
				"east": {"uv": [0, 0, 0, 2.5], "texture": "#4"},
				"south": {"uv": [8, 12, 9, 14.5], "texture": "#4"},
				"west": {"uv": [0, 0, 0, 2.5], "texture": "#4"},
				"up": {"uv": [1, 0, 0, 0], "texture": "#4"},
				"down": {"uv": [1, 0, 0, 0], "texture": "#4"}
			}
		}
	],
	"display": {
		"thirdperson_righthand": {
			"rotation": [58.75, 0, 0],
			"translation": [0, 0.75, 1],
			"scale": [0.55, 0.55, 0.55]
		},
		"thirdperson_lefthand": {
			"rotation": [58.75, 0, 0],
			"translation": [0, 0.75, 1],
			"scale": [0.55, 0.55, 0.55]
		},
		"firstperson_righthand": {
			"rotation": [158.92, 38.86, 176.4],
			"translation": [2.25, 1.6, 0.8],
			"scale": [0.5, 0.5, 0.5]
		},
		"firstperson_lefthand": {
			"rotation": [158.92, 38.86, 176.4],
			"translation": [2.25, 1.6, 0.8],
			"scale": [0.5, 0.5, 0.5]
		},
		"ground": {
			"translation": [0, 2, 0],
			"scale": [0.5, 0.5, 0.5]
		},
		"gui": {
			"rotation": [30, -135, 0],
			"translation": [0, -1.5, 0],
			"scale": [0.625, 0.625, 0.625]
		},
		"head": {
			"rotation": [0, 31.75, 0],
			"translation": [-4.75, 8.25, -4]
		},
		"fixed": {
			"rotation": [-67, 0, 0],
			"translation": [0, 0, -4],
			"scale": [1.5, 1.5, 1.5]
		}
	},
	"groups": [
		0,
		1,
		{
			"name": "group",
			"origin": [10, 5.25, 7.175],
			"color": 0,
			"children": [2, 3, 4, 5, 6, 7, 8]
		}
	]
}