{
	"format_version": "1.21.6",
	"credit": "Made with Blockbench",
	"texture_size": [64, 64],
	"textures": {
		"1": "item/dinosaurs/dna_extractor"
	},
	"elements": [
		{
			"from": [0, 0, 0],
			"to": [16, 8, 16],
			"faces": {
				"north": {"uv": [7, 8, 11, 10], "texture": "#1", "cullface": "north"},
				"east": {"uv": [7, 10, 11, 12], "texture": "#1", "cullface": "west"},
				"south": {"uv": [7, 10, 11, 12], "texture": "#1", "cullface": "west"},
				"west": {"uv": [7, 10, 11, 12], "texture": "#1", "cullface": "west"},
				"up": {"uv": [4, 4, 0, 0], "texture": "#1", "cullface": "up"},
				"down": {"uv": [4, 4, 0, 8], "texture": "#1", "cullface": "down"}
			}
		},
		{
			"from": [5.5, 25, -0.1],
			"to": [10.5, 29, -0.1],
			"rotation": {"angle": 0, "axis": "y", "origin": [-1.5, 16, -0.1]},
			"faces": {
				"north": {"uv": [11.5, 1.25, 12.75, 2.25], "texture": "#1"}
			}
		},
		{
			"from": [5.5, 25, -0.2],
			"to": [10.5, 29, -0.2],
			"rotation": {"angle": 0, "axis": "y", "origin": [-1.5, 16, -0.2]},
			"faces": {
				"north": {"uv": [11.5, 2.25, 12.75, 3.25], "texture": "#1"}
			}
		},
		{
			"from": [3, 1, 3],
			"to": [13, 12, 13],
			"rotation": {"angle": 0, "axis": "y", "origin": [0, 1, 0]},
			"faces": {
				"north": {"uv": [11, 8, 13.5, 10.75], "texture": "#1", "cullface": "up"},
				"east": {"uv": [13.5, 10.75, 11, 8], "texture": "#1", "cullface": "up"},
				"south": {"uv": [13.5, 10.75, 11, 8], "texture": "#1", "cullface": "up"},
				"west": {"uv": [13.5, 10.75, 11, 8], "texture": "#1", "cullface": "up"},
				"up": {"uv": [11, 8, 13.5, 10.75], "texture": "#1", "cullface": "up"},
				"down": {"uv": [11, 10.75, 13.5, 8], "texture": "#1", "cullface": "up"}
			}
		},
		{
			"from": [5.6, 11.4, 8.2],
			"to": [10.6, 16.4, 8.2],
			"shade": false,
			"rotation": {"angle": 0, "axis": "y", "origin": [12.8, 19.4, 9.2]},
			"faces": {
				"north": {"uv": [11.5, 2.25, 12.75, 3.25], "texture": "#1"},
				"east": {"uv": [11.5, 2.25, 12.75, 3.25], "texture": "#1"},
				"south": {"uv": [12.75, 2.25, 11.5, 3.25], "texture": "#1"},
				"west": {"uv": [11.5, 2.25, 12.75, 3.25], "texture": "#1"},
				"up": {"uv": [12.75, 3.25, 11.5, 2.25], "texture": "#1"},
				"down": {"uv": [12.75, 2.25, 11.5, 3.25], "texture": "#1"}
			}
		},
		{
			"from": [5.6, 11.4, 8.2],
			"to": [10.6, 16.4, 8.2],
			"shade": false,
			"rotation": {"angle": 0, "axis": "y", "origin": [12.8, 19.4, 9.2]},
			"faces": {
				"north": {"uv": [11.5, 0, 12.75, 1.25], "texture": "#1"},
				"east": {"uv": [12.75, 0, 11.5, 1.25], "texture": "#1"},
				"south": {"uv": [12.75, 0, 11.5, 1.25], "texture": "#1"},
				"west": {"uv": [12.75, 0, 11.5, 1.25], "texture": "#1"},
				"up": {"uv": [11.5, 1.25, 12.75, 0], "texture": "#1"},
				"down": {"uv": [11.5, 0, 12.75, 1.25], "texture": "#1"}
			}
		},
		{
			"from": [0, 24, 0],
			"to": [16, 32, 16],
			"rotation": {"angle": 0, "axis": "y", "origin": [0, 16, 0]},
			"faces": {
				"north": {"uv": [11, 4, 15, 6], "texture": "#1", "cullface": "north"},
				"east": {"uv": [11, 6, 15, 8], "texture": "#1", "cullface": "west"},
				"south": {"uv": [11, 6, 15, 8], "texture": "#1", "cullface": "west"},
				"west": {"uv": [11, 6, 15, 8], "texture": "#1", "cullface": "west"},
				"up": {"uv": [0, 8, 4, 4], "texture": "#1", "cullface": "down"},
				"down": {"uv": [0, 4, 4, 0], "texture": "#1", "cullface": "up"}
			}
		},
		{
			"from": [3, 19, 3],
			"to": [13, 29, 13],
			"rotation": {"angle": 0, "axis": "y", "origin": [0, 18, 0]},
			"faces": {
				"north": {"uv": [13.5, 10.75, 11, 8], "texture": "#1", "cullface": "up"},
				"east": {"uv": [13.5, 10.75, 11, 8], "texture": "#1", "cullface": "up"},
				"south": {"uv": [13.5, 10.75, 11, 8], "texture": "#1", "cullface": "up"},
				"west": {"uv": [13.5, 10.75, 11, 8], "texture": "#1", "cullface": "up"},
				"up": {"uv": [11, 8, 13.5, 10.75], "texture": "#1", "cullface": "up"},
				"down": {"uv": [11, 10.75, 13.5, 8], "texture": "#1", "cullface": "up"}
			}
		},
		{
			"from": [4.5, 16.1, 5],
			"to": [11.6, 25.4, 11.2],
			"shade": false,
			"rotation": {"angle": 0, "axis": "y", "origin": [12.8, 24.4, 6.2]},
			"faces": {
				"north": {"uv": [11, 10.75, 12.75, 13.0625], "texture": "#1"},
				"east": {"uv": [12.75, 10.75, 11, 13.0625], "texture": "#1"},
				"south": {"uv": [12.75, 10.75, 11, 13.0625], "texture": "#1"},
				"west": {"uv": [12.75, 10.75, 11, 13.0625], "texture": "#1"},
				"up": {"uv": [11, 13.0625, 12.75, 10.75], "texture": "#1"},
				"down": {"uv": [11, 10.75, 12.75, 13.0625], "texture": "#1"}
			}
		},
		{
			"from": [1, 8, 2],
			"to": [15, 11, 15],
			"rotation": {"angle": 0, "axis": "y", "origin": [0, 1, 2]},
			"faces": {
				"north": {"uv": [3.5, 11.25, 7, 12], "texture": "#1", "cullface": "down"},
				"east": {"uv": [7, 11.25, 3.5, 12], "texture": "#1", "cullface": "down"},
				"south": {"uv": [7, 11.25, 3.5, 12], "texture": "#1", "cullface": "down"},
				"west": {"uv": [7, 11.25, 3.5, 12], "texture": "#1", "cullface": "down"},
				"up": {"uv": [7, 11.25, 3.5, 8], "texture": "#1", "cullface": "down"}
			}
		},
		{
			"from": [1, 2, 2],
			"to": [15, 8, 15],
			"rotation": {"angle": 0, "axis": "y", "origin": [0, -5, 2]},
			"faces": {
				"north": {"uv": [3.5, 11.25, 7, 12], "texture": "#1", "cullface": "down"},
				"east": {"uv": [7, 11.25, 3.5, 12], "texture": "#1", "cullface": "down"},
				"south": {"uv": [7, 11.25, 3.5, 12], "texture": "#1", "cullface": "down"},
				"west": {"uv": [7, 11.25, 3.5, 12], "texture": "#1", "cullface": "down"},
				"up": {"uv": [7, 11.25, 3.5, 8], "texture": "#1", "cullface": "down"}
			}
		},
		{
			"from": [1, 8, 0],
			"to": [15, 24, 1],
			"rotation": {"angle": 0, "axis": "y", "origin": [16, 8, 16]},
			"faces": {
				"north": {"uv": [4, 4, 7.5, 8], "texture": "#1", "cullface": "up"},
				"east": {"uv": [0, 12, 0.25, 16], "texture": "#1", "cullface": "up"},
				"south": {"uv": [7.5, 4, 11, 8], "texture": "#1", "cullface": "up"},
				"west": {"uv": [0, 16, 0.25, 12], "texture": "#1", "cullface": "up"},
				"up": {"uv": [15, 3.5, 11.5, 3.25], "texture": "#1", "cullface": "up"},
				"down": {"uv": [15, 3.5, 11.5, 3.25], "texture": "#1", "cullface": "up"}
			}
		},
		{
			"from": [1, 8, 15],
			"to": [15, 24, 16],
			"rotation": {"angle": 0, "axis": "y", "origin": [16, 8, 0]},
			"faces": {
				"north": {"uv": [0, 8, 3.5, 12], "texture": "#1", "cullface": "up"},
				"east": {"uv": [0.25, 12, 0.5, 16], "texture": "#1", "cullface": "up"},
				"south": {"uv": [8, 0, 11.5, 4], "texture": "#1", "cullface": "west"},
				"west": {"uv": [0.5, 12, 0.75, 16], "texture": "#1", "cullface": "up"},
				"up": {"uv": [15, 3.75, 11.5, 3.5], "texture": "#1", "cullface": "up"},
				"down": {"uv": [11.5, 3.75, 15, 3.5], "texture": "#1", "cullface": "up"}
			}
		},
		{
			"from": [0, 8, 0],
			"to": [1, 24, 16],
			"rotation": {"angle": 0, "axis": "y", "origin": [16, 8, 0]},
			"faces": {
				"north": {"uv": [0.75, 12, 1, 16], "texture": "#1", "cullface": "north"},
				"east": {"uv": [4, 0, 8, 4], "texture": "#1", "cullface": "up"},
				"south": {"uv": [1, 12, 1.25, 16], "texture": "#1", "cullface": "west"},
				"west": {"uv": [4, 0, 8, 4], "texture": "#1", "cullface": "up"},
				"up": {"uv": [11.5, 3.5, 15, 3.75], "texture": "#1", "cullface": "up"},
				"down": {"uv": [11.5, 3.75, 15, 3.5], "texture": "#1", "cullface": "up"}
			}
		},
		{
			"from": [15, 8, 0],
			"to": [16, 24, 16],
			"rotation": {"angle": 0, "axis": "y", "origin": [0, 8, 0]},
			"faces": {
				"north": {"uv": [0.75, 12, 1, 16], "texture": "#1", "cullface": "north"},
				"east": {"uv": [4, 4, 8, 0], "texture": "#1", "cullface": "up"},
				"south": {"uv": [1.25, 12, 1.5, 16], "texture": "#1", "cullface": "west"},
				"west": {"uv": [4, 4, 8, 0], "texture": "#1", "cullface": "up"},
				"up": {"uv": [11.5, 3.5, 15, 3.75], "texture": "#1", "cullface": "up"},
				"down": {"uv": [11.5, 3.75, 15, 3.5], "texture": "#1", "cullface": "up"}
			}
		}
	],
	"gui_light": "front",
	"display": {
		"thirdperson_righthand": {
			"rotation": [65.25, 0, 0],
			"translation": [0.25, 0, 0.5],
			"scale": [0.25, 0.25, 0.25]
		},
		"thirdperson_lefthand": {
			"rotation": [65.25, 0, 0],
			"translation": [0.25, 0, 0.5],
			"scale": [0.25, 0.25, 0.25]
		},
		"firstperson_righthand": {
			"rotation": [-180, 45, -180],
			"translation": [-0.25, 0, 0],
			"scale": [0.25, 0.25, 0.25]
		},
		"firstperson_lefthand": {
			"rotation": [-180, 45, -180],
			"translation": [-0.25, 0, 0],
			"scale": [0.25, 0.25, 0.25]
		},
		"ground": {
			"scale": [0.25, 0.25, 0.25]
		},
		"gui": {
			"rotation": [-180, 18, -180],
			"translation": [0, -3.5, 0],
			"scale": [0.45, 0.45, 0.45]
		},
		"head": {
			"translation": [0, 9, 0],
			"scale": [0.45, 0.45, 0.45]
		},
		"fixed": {
			"translation": [0, -3.25, 0],
			"scale": [0.45, 0.45, 0.45]
		},
		"on_shelf": {
			"rotation": [-180, 0, -180],
			"translation": [0, -3.25, 0],
			"scale": [0.45, 0.45, 0.45]
		}
	},
	"groups": [
		{
			"name": "ALL",
			"origin": [0, 0, 0],
			"color": 0,
			"children": [
				{
					"name": "group",
					"origin": [0, 0, 0],
					"color": 0,
					"children": [
						0,
						1,
						{
							"name": "RESINSLOT",
							"origin": [7.9, 27, -0.2],
							"color": 0,
							"children": [2]
						},
						3,
						{
							"name": "RESIN",
							"origin": [8.1, 13.9, 8.2],
							"color": 0,
							"children": [4]
						},
						{
							"name": "RESIN2",
							"origin": [8.1, 13.9, 8.2],
							"color": 0,
							"children": [5]
						},
						6,
						7,
						{
							"name": "group3",
							"origin": [8.1, 24.4, 7.7],
							"color": 0,
							"children": [8]
						}
					]
				},
				{
					"name": "water",
					"origin": [0, 1, 2],
					"color": 0,
					"children": [9, 10]
				},
				{
					"name": "group2",
					"origin": [0, 8, 0],
					"color": 0,
					"children": [
						{
							"name": "door",
							"origin": [15, 16, 0.5],
							"color": 0,
							"children": [11]
						},
						12,
						13,
						14
					]
				},
				{
					"name": "egg2",
					"origin": [8, 13.5, 8],
					"color": 0,
					"children": []
				}
			]
		}
	]
}