{
	"format_version": "1.21.6",
	"credit": "Made with Blockbench",
	"texture_size": [128, 128],
	"textures": {
		"2": "item/dinosaurs/inseminator"
	},
	"elements": [
		{
			"name": "SNIFFER",
			"from": [5.5, 3, -0.1],
			"to": [10.5, 7, -0.1],
			"rotation": {"angle": 0, "axis": "y", "origin": [-1.5, -6, -0.1]},
			"faces": {
				"north": {"uv": [5.75, 1.5, 6.375, 2], "texture": "#2"}
			}
		},
		{
			"name": "DNARESIN",
			"from": [5.5, 27, -0.1],
			"to": [10.5, 31, -0.1],
			"rotation": {"angle": 0, "axis": "y", "origin": [-1.5, 18, -0.1]},
			"faces": {
				"north": {"uv": [6.375, 1.5, 7, 2], "texture": "#2"}
			}
		},
		{
			"from": [5.5, 27, -0.2],
			"to": [10.5, 31, -0.2],
			"rotation": {"angle": 0, "axis": "y", "origin": [8, 29, -0.2]},
			"faces": {
				"north": {"uv": [2.25, 7.375, 2.875, 7.875], "texture": "#2"}
			}
		},
		{
			"from": [5.5, 3, -0.2],
			"to": [10.5, 7, -0.2],
			"rotation": {"angle": 0, "axis": "y", "origin": [8, 5, -0.2]},
			"faces": {
				"north": {"uv": [2.875, 7.375, 3.5, 7.875], "texture": "#2"}
			}
		},
		{
			"from": [7, 16.1, 7],
			"to": [9, 25.4, 9],
			"shade": false,
			"rotation": {"angle": 0, "axis": "y", "origin": [15.3, 24.4, 8.2]},
			"faces": {
				"north": {"uv": [3.5, 7.375, 3.75, 8.53125], "texture": "#2"},
				"east": {"uv": [3.75, 7.375, 3.5, 8.53125], "texture": "#2"},
				"south": {"uv": [3.75, 7.375, 3.5, 8.53125], "texture": "#2"},
				"west": {"uv": [3.75, 7.375, 3.5, 8.53125], "texture": "#2"},
				"up": {"uv": [3.5, 8.53125, 3.75, 7.375], "texture": "#2"},
				"down": {"uv": [3.5, 7.375, 3.75, 8.53125], "texture": "#2"}
			}
		},
		{
			"from": [7.5, 15.1, 7.5],
			"to": [8.5, 17.4, 8.5],
			"shade": false,
			"rotation": {"angle": 0, "axis": "y", "origin": [15.8, 23.4, 8.7]},
			"faces": {
				"north": {"uv": [5.25, 6, 5.375, 6.28125], "texture": "#2"},
				"east": {"uv": [5.375, 6, 5.25, 6.28125], "texture": "#2"},
				"south": {"uv": [5.375, 6, 5.25, 6.28125], "texture": "#2"},
				"west": {"uv": [5.375, 6, 5.25, 6.28125], "texture": "#2"},
				"up": {"uv": [5.5, 6.125, 5.375, 6], "texture": "#2"},
				"down": {"uv": [5.375, 6, 5.5, 6.125], "texture": "#2"}
			}
		},
		{
			"from": [1.2, 8, 2.4],
			"to": [15, 24, 15.6],
			"rotation": {"angle": 0, "axis": "y", "origin": [0, 1, 3]},
			"faces": {
				"north": {"uv": [2, 2, 3.75, 4], "texture": "#2", "cullface": "down"},
				"east": {"uv": [3.75, 2, 2, 4], "texture": "#2", "cullface": "down"},
				"south": {"uv": [3.75, 2, 2, 4], "texture": "#2", "cullface": "down"},
				"west": {"uv": [3.75, 2, 2, 4], "texture": "#2", "cullface": "down"},
				"up": {"uv": [2, 4, 3.75, 2], "texture": "#2", "cullface": "down"},
				"down": {"uv": [2, 2, 3.75, 4], "texture": "#2", "cullface": "down"}
			}
		},
		{
			"from": [1, 8, 1],
			"to": [15, 24, 2],
			"rotation": {"angle": 0, "axis": "y", "origin": [16, 8, 17]},
			"faces": {
				"north": {"uv": [3.75, 2, 5.5, 4], "texture": "#2", "cullface": "up"},
				"east": {"uv": [3.75, 7.375, 3.875, 9.375], "texture": "#2", "cullface": "up"},
				"south": {"uv": [0, 4, 1.75, 6], "texture": "#2", "cullface": "up"},
				"west": {"uv": [3.75, 9.375, 3.875, 7.375], "texture": "#2", "cullface": "up"},
				"up": {"uv": [8.5, 6.5, 6.75, 6.375], "texture": "#2", "cullface": "up"},
				"down": {"uv": [8.5, 6.5, 6.75, 6.375], "texture": "#2", "cullface": "up"}
			}
		},
		{
			"from": [4, 8, 4],
			"to": [12, 19, 12],
			"rotation": {"angle": 0, "axis": "y", "origin": [3, 8, 2]},
			"faces": {
				"north": {"uv": [2.25, 6, 3.25, 7.375], "texture": "#2"},
				"east": {"uv": [3.25, 6, 4.25, 7.375], "texture": "#2"},
				"south": {"uv": [4.25, 6, 5.25, 7.375], "texture": "#2"},
				"west": {"uv": [5.25, 6.5, 6.25, 7.875], "texture": "#2"},
				"up": {"uv": [8, 1, 7, 0], "texture": "#2", "cullface": "up"},
				"down": {"uv": [8, 1, 7, 2], "texture": "#2", "cullface": "down"}
			}
		},
		{
			"from": [3.9, 7.9, 3],
			"to": [12.1, 19.1, 13],
			"rotation": {"angle": 0, "axis": "y", "origin": [2, 8, 1]},
			"faces": {
				"north": {"uv": [0, 6, 1.03125, 7.40625], "texture": "#2"},
				"east": {"uv": [5.5, 5, 6.75, 6.40625], "texture": "#2"},
				"south": {"uv": [1.125, 6, 2.15625, 7.40625], "texture": "#2"},
				"west": {"uv": [5.75, 0, 7, 1.40625], "texture": "#2"},
				"up": {"uv": [7.28125, 7.75, 6.25, 6.5], "texture": "#2", "cullface": "up"},
				"down": {"uv": [7.78125, 5, 6.75, 6.25], "texture": "#2", "cullface": "down"}
			}
		},
		{
			"from": [0, 0, 0],
			"to": [16, 8, 16],
			"rotation": {"angle": 0, "axis": "y", "origin": [1, 0, 1]},
			"faces": {
				"north": {"uv": [3.5, 4, 5.5, 5], "texture": "#2"},
				"east": {"uv": [3.5, 5, 5.5, 6], "texture": "#2"},
				"south": {"uv": [5.5, 2, 7.5, 3], "texture": "#2"},
				"west": {"uv": [5.5, 5, 3.5, 6], "texture": "#2"},
				"up": {"uv": [2, 2, 0, 0], "texture": "#2"},
				"down": {"uv": [2, 2, 0, 4], "texture": "#2"}
			}
		},
		{
			"from": [15, 8, 0],
			"to": [16, 24, 16],
			"rotation": {"angle": 0, "axis": "y", "origin": [1, 16, 1]},
			"faces": {
				"north": {"uv": [4, 7.375, 4.125, 8.375], "texture": "#2"},
				"east": {"uv": [1.75, 4, 3.5, 6], "texture": "#2"},
				"south": {"uv": [4, 7.375, 4.125, 8.375], "texture": "#2"},
				"west": {"uv": [1.75, 4, 3.5, 6], "texture": "#2"},
				"up": {"uv": [4, 9.375, 3.875, 7.375], "texture": "#2"}
			}
		},
		{
			"from": [1, 8, 15],
			"to": [15, 24, 16],
			"rotation": {"angle": 0, "axis": "y", "origin": [-14, 8, 1]},
			"faces": {
				"north": {"uv": [1.75, 4, 3.5, 6], "texture": "#2"},
				"east": {"uv": [4.125, 7.375, 4, 8.375], "texture": "#2"},
				"south": {"uv": [1.75, 4, 3.5, 6], "texture": "#2"},
				"west": {"uv": [4.125, 7.375, 4, 8.375], "texture": "#2"},
				"up": {"uv": [8.5, 6.5, 6.75, 6.375], "texture": "#2"},
				"down": {"uv": [8.5, 6.375, 6.75, 6.5], "texture": "#2"}
			}
		},
		{
			"from": [0, 8, 0],
			"to": [1, 24, 16],
			"rotation": {"angle": 0, "axis": "y", "origin": [-14, 16, 1]},
			"faces": {
				"north": {"uv": [4, 7.375, 4.125, 8.375], "texture": "#2"},
				"east": {"uv": [1.75, 4, 3.5, 6], "texture": "#2"},
				"south": {"uv": [4, 7.375, 4.125, 8.375], "texture": "#2"},
				"west": {"uv": [1.75, 4, 3.5, 6], "texture": "#2"},
				"up": {"uv": [4, 9.375, 3.875, 7.375], "texture": "#2"},
				"down": {"uv": [4, 7.375, 3.875, 9.375], "texture": "#2"}
			}
		},
		{
			"from": [0, 24, 0],
			"to": [16, 32, 16],
			"rotation": {"angle": 0, "axis": "y", "origin": [1, 24, 1]},
			"faces": {
				"north": {"uv": [3.5, 4, 5.5, 5], "texture": "#2"},
				"east": {"uv": [5.5, 2, 7.5, 3], "texture": "#2"},
				"south": {"uv": [5.5, 2, 7.5, 3], "texture": "#2"},
				"west": {"uv": [5.5, 2, 7.5, 3], "texture": "#2"},
				"up": {"uv": [2, 2, 0, 0], "texture": "#2"},
				"down": {"uv": [4, 0, 2, 2], "texture": "#2"}
			}
		}
	],
	"gui_light": "front",
	"display": {
		"thirdperson_righthand": {
			"rotation": [65.25, 0, 0],
			"translation": [0.25, 0, 0.5],
			"scale": [0.25, 0.25, 0.25]
		},
		"thirdperson_lefthand": {
			"rotation": [65.25, 0, 0],
			"translation": [0.25, 0, 0.5],
			"scale": [0.25, 0.25, 0.25]
		},
		"firstperson_righthand": {
			"rotation": [-180, 45, -180],
			"translation": [-0.25, 0, 0],
			"scale": [0.25, 0.25, 0.25]
		},
		"firstperson_lefthand": {
			"rotation": [-180, 45, -180],
			"translation": [-0.25, 0, 0],
			"scale": [0.25, 0.25, 0.25]
		},
		"ground": {
			"scale": [0.25, 0.25, 0.25]
		},
		"gui": {
			"rotation": [-180, 18, -180],
			"translation": [0, -3.5, 0],
			"scale": [0.45, 0.45, 0.45]
		},
		"head": {
			"translation": [0, 9, 0],
			"scale": [0.45, 0.45, 0.45]
		},
		"fixed": {
			"translation": [0, -3.25, 0],
			"scale": [0.45, 0.45, 0.45]
		},
		"on_shelf": {
			"rotation": [-180, 0, -180],
			"translation": [0, -3.25, 0],
			"scale": [0.45, 0.45, 0.45]
		}
	},
	"groups": [
		{
			"name": "ALL",
			"origin": [0, 0, 0],
			"color": 0,
			"children": [
				{
					"name": "group",
					"origin": [0, 0, 0],
					"color": 0,
					"children": [
						0,
						1,
						{
							"name": "DNA",
							"origin": [8, 2, 8],
							"color": 0,
							"children": [2]
						},
						{
							"name": "SNIFFEREGG",
							"origin": [8, 2, 8],
							"color": 0,
							"children": [3]
						},
						{
							"name": "group3",
							"origin": [8.1, 24.4, 7.7],
							"color": 0,
							"children": [4, 5]
						}
					]
				},
				{
					"name": "water",
					"origin": [0, 1, 3],
					"color": 0,
					"children": [6]
				},
				{
					"name": "group2",
					"origin": [0, 8, 1],
					"color": 0,
					"children": [
						{
							"name": "door",
							"origin": [15, 16, 1.5],
							"color": 0,
							"children": [7]
						}
					]
				},
				{
					"name": "egg2",
					"origin": [8, 13.5, 8],
					"color": 0,
					"children": [8]
				},
				{
					"name": "egg",
					"origin": [1, 6, 0],
					"color": 0,
					"children": [9]
				},
				10,
				11,
				12,
				13,
				14
			]
		}
	]
}