{
	"format_version": "1.21.6",
	"credit": "Made with Blockbench",
	"texture_size": [32, 32],
	"textures": {
		"0": "item/dungeon_key/dungeon_key_a",
		"1": "item/dungeon_key/dungeon_key",
		"particle": "item/dungeon_key/dungeon_key_a"
	},
	"elements": [
		{
			"from": [4, 6, 3],
			"to": [12, 14, 11],
			"faces": {
				"north": {"uv": [0, 0, 16, 16], "texture": "#0"},
				"east": {"uv": [0, 4, 4, 8], "texture": "#1"},
				"south": {"uv": [4, 0, 8, 4], "texture": "#1"},
				"west": {"uv": [4, 4, 8, 8], "texture": "#1"},
				"up": {"uv": [4, 12, 0, 8], "texture": "#1"},
				"down": {"uv": [12, 0, 8, 4], "texture": "#1"}
			}
		},
		{
			"from": [7, 14, 6],
			"to": [9, 22, 8],
			"faces": {
				"north": {"uv": [4, 8, 5, 12], "texture": "#1"},
				"east": {"uv": [8, 4, 9, 8], "texture": "#1"},
				"south": {"uv": [5, 8, 6, 12], "texture": "#1"},
				"west": {"uv": [6, 8, 7, 12], "texture": "#1"},
				"up": {"uv": [10, 10, 9, 9], "texture": "#1"},
				"down": {"uv": [11, 4, 10, 5], "texture": "#1"}
			}
		},
		{
			"from": [5, 20.3, 6],
			"to": [7, 21.7, 8],
			"faces": {
				"north": {"uv": [8, 10.5, 9, 11], "texture": "#1"},
				"east": {"uv": [11, 4, 12, 4.5], "texture": "#1"},
				"south": {"uv": [11, 4.5, 12, 5], "texture": "#1"},
				"west": {"uv": [11, 5, 12, 5.5], "texture": "#1"},
				"up": {"uv": [10, 11, 9, 10], "texture": "#1"},
				"down": {"uv": [11, 9, 10, 10], "texture": "#1"}
			}
		},
		{
			"from": [5, 18.3, 6],
			"to": [7, 19.7, 8],
			"faces": {
				"north": {"uv": [11, 5.5, 12, 6], "texture": "#1"},
				"east": {"uv": [11, 6, 12, 6.5], "texture": "#1"},
				"south": {"uv": [11, 6.5, 12, 7], "texture": "#1"},
				"west": {"uv": [11, 7, 12, 7.5], "texture": "#1"},
				"up": {"uv": [11, 11, 10, 10], "texture": "#1"},
				"down": {"uv": [8, 10.5, 7, 11.5], "texture": "#1"}
			}
		},
		{
			"from": [9, 1, 6],
			"to": [11, 6, 6],
			"rotation": {"angle": 45, "axis": "x", "origin": [10, 5.25, 7.175]},
			"faces": {
				"north": {"uv": [8, 8, 9, 10.5], "texture": "#1"},
				"east": {"uv": [0, 0, 0, 2.5], "texture": "#1"},
				"south": {"uv": [8, 8, 9, 10.5], "texture": "#1"},
				"west": {"uv": [0, 0, 0, 2.5], "texture": "#1"},
				"up": {"uv": [1, 0, 0, 0], "texture": "#1"},
				"down": {"uv": [1, 0, 0, 0], "texture": "#1"}
			}
		},
		{
			"from": [8.5, 1, 2.7],
			"to": [11.5, 1, 6],
			"rotation": {"angle": 45, "axis": "x", "origin": [10, 5.25, 7.175]},
			"faces": {
				"north": {"uv": [0, 0, 1, 0], "texture": "#1"},
				"east": {"uv": [0, 0, 1, 0], "texture": "#1"},
				"south": {"uv": [0, 0, 1, 0], "texture": "#1"},
				"west": {"uv": [0, 0, 1, 0], "texture": "#1"},
				"up": {"uv": [11, 9, 10, 8], "texture": "#1"},
				"down": {"uv": [11, 8, 10, 9], "texture": "#1"}
			}
		},
		{
			"from": [4.5, 1, 2.7],
			"to": [7.5, 1, 6],
			"rotation": {"angle": 45, "axis": "x", "origin": [10, 5.25, 7.175]},
			"faces": {
				"north": {"uv": [0, 0, 1, 0], "texture": "#1"},
				"east": {"uv": [0, 0, 1, 0], "texture": "#1"},
				"south": {"uv": [0, 0, 1, 0], "texture": "#1"},
				"west": {"uv": [0, 0, 1, 0], "texture": "#1"},
				"up": {"uv": [11, 9, 10, 8], "texture": "#1"},
				"down": {"uv": [11, 8, 10, 9], "texture": "#1"}
			}
		},
		{
			"from": [5, 1, 6],
			"to": [7, 6, 6],
			"rotation": {"angle": 45, "axis": "x", "origin": [10, 5.25, 7.175]},
			"faces": {
				"north": {"uv": [8, 8, 9, 10.5], "texture": "#1"},
				"east": {"uv": [0, 0, 0, 2.5], "texture": "#1"},
				"south": {"uv": [8, 8, 9, 10.5], "texture": "#1"},
				"west": {"uv": [0, 0, 0, 2.5], "texture": "#1"},
				"up": {"uv": [1, 0, 0, 0], "texture": "#1"},
				"down": {"uv": [1, 0, 0, 0], "texture": "#1"}
			}
		}
	],
	"display": {
		"thirdperson_righthand": {
			"rotation": [58.75, 0, 0],
			"translation": [0, 0.75, 1],
			"scale": [0.55, 0.55, 0.55]
		},
		"thirdperson_lefthand": {
			"rotation": [58.75, 0, 0],
			"translation": [0, 0.75, 1],
			"scale": [0.55, 0.55, 0.55]
		},
		"firstperson_righthand": {
			"rotation": [158.92, 38.86, 176.4],
			"translation": [2.25, 1.6, 0.8],
			"scale": [0.5, 0.5, 0.5]
		},
		"firstperson_lefthand": {
			"rotation": [158.92, 38.86, 176.4],
			"translation": [2.25, 1.6, 0.8],
			"scale": [0.5, 0.5, 0.5]
		},
		"ground": {
			"translation": [0, 2, 0],
			"scale": [0.5, 0.5, 0.5]
		},
		"gui": {
			"rotation": [30, -135, 0],
			"translation": [0, -1.5, 0],
			"scale": [0.625, 0.625, 0.625]
		},
		"head": {
			"rotation": [0, 31.75, 0],
			"translation": [-4.75, 8.25, -4]
		},
		"fixed": {
			"rotation": [-67, 0, 0],
			"translation": [0, 0, -4],
			"scale": [1.5, 1.5, 1.5]
		}
	},
	"groups": [
		0,
		{
			"name": "group",
			"origin": [10, 5.25, 7.175],
			"color": 0,
			"children": [1, 2, 3, 4, 5, 6, 7]
		}
	]
}