{
	"format_version": "1.21.6",
	"credit": "Made with Blockbench",
	"texture_size": [64, 64],
	"textures": {
		"3": "item/cooking/cooking_pot"
	},
	"elements": [
		{
			"from": [3.96667, 6.5, 3.96667],
			"to": [11.96667, 12.5, 11.96667],
			"rotation": {"angle": 0, "axis": "y", "origin": [11.96667, 3.5, 8.96667]},
			"faces": {
				"north": {"uv": [5.5, 0, 7.5, 1.5], "texture": "#3"},
				"east": {"uv": [5.5, 0, 7.5, 1.5], "texture": "#3"},
				"south": {"uv": [5.5, 0, 7.5, 1.5], "texture": "#3"},
				"west": {"uv": [5.5, 0, 7.5, 1.5], "texture": "#3"},
				"up": {"uv": [2, 5.25, 0, 3.25], "texture": "#3"},
				"down": {"uv": [4, 4, 2, 6], "texture": "#3"}
			}
		},
		{
			"from": [1.96667, 6, 3.96667],
			"to": [3.96667, 14, 11.96667],
			"rotation": {"angle": 0, "axis": "y", "origin": [-3.03333, 4, 9.96667]},
			"faces": {
				"north": {"uv": [2.5, 0, 5.5, 2], "texture": "#3"},
				"east": {"uv": [4, 4, 6, 6], "texture": "#3"},
				"south": {"uv": [2.5, 0, 5.5, 2], "texture": "#3"},
				"west": {"uv": [0, 5.25, 2, 7.25], "texture": "#3"},
				"up": {"uv": [7.5, 8.75, 7, 6.75], "texture": "#3"},
				"down": {"uv": [7.5, 6.75, 7, 8.75], "texture": "#3"}
			}
		},
		{
			"from": [13.96667, 11, 8.96667],
			"to": [15.96667, 12, 9.96667],
			"rotation": {"angle": 0, "axis": "y", "origin": [6.96667, 2, 5.96667]},
			"faces": {
				"north": {"uv": [2, 3.75, 2.5, 4], "texture": "#3"},
				"east": {"uv": [5.5, 3.75, 5.75, 4], "texture": "#3"},
				"south": {"uv": [2, 3.75, 2.5, 4], "texture": "#3"},
				"west": {"uv": [5.5, 3.75, 5.75, 4], "texture": "#3"},
				"up": {"uv": [2.5, 4, 2, 3.75], "texture": "#3"},
				"down": {"uv": [2.5, 3.75, 2, 4], "texture": "#3"}
			}
		},
		{
			"from": [15.96667, 11, 5.96667],
			"to": [16.96667, 12, 9.96667],
			"rotation": {"angle": 0, "axis": "y", "origin": [9.96667, 2, 5.96667]},
			"faces": {
				"north": {"uv": [5.5, 3.75, 5.75, 4], "texture": "#3"},
				"east": {"uv": [3.25, 7.5, 4.25, 7.75], "texture": "#3"},
				"south": {"uv": [5.5, 3.75, 5.75, 4], "texture": "#3"},
				"west": {"uv": [3.25, 7.5, 4.25, 7.75], "texture": "#3"},
				"up": {"uv": [1.75, 8.25, 1.5, 7.25], "texture": "#3"},
				"down": {"uv": [1.75, 7.25, 1.5, 8.25], "texture": "#3"}
			}
		},
		{
			"from": [13.96667, 11, 5.96667],
			"to": [15.96667, 12, 6.96667],
			"rotation": {"angle": 0, "axis": "y", "origin": [6.96667, 2, 2.96667]},
			"faces": {
				"north": {"uv": [2, 3.75, 2.5, 4], "texture": "#3"},
				"east": {"uv": [5.5, 3.75, 5.75, 4], "texture": "#3"},
				"south": {"uv": [2, 3.75, 2.5, 4], "texture": "#3"},
				"west": {"uv": [5.5, 3.75, 5.75, 4], "texture": "#3"},
				"up": {"uv": [2.5, 4, 2, 3.75], "texture": "#3"},
				"down": {"uv": [2.5, 3.75, 2, 4], "texture": "#3"}
			}
		},
		{
			"from": [-0.03333, 11, 8.96667],
			"to": [1.96667, 12, 9.96667],
			"rotation": {"angle": 0, "axis": "y", "origin": [-7.03333, 2, 5.96667]},
			"faces": {
				"north": {"uv": [2, 3.75, 2.5, 4], "texture": "#3"},
				"east": {"uv": [5.5, 3.75, 5.75, 4], "texture": "#3"},
				"south": {"uv": [2, 3.75, 2.5, 4], "texture": "#3"},
				"west": {"uv": [5.5, 3.75, 5.75, 4], "texture": "#3"},
				"up": {"uv": [2.5, 4, 2, 3.75], "texture": "#3"},
				"down": {"uv": [2.5, 3.75, 2, 4], "texture": "#3"}
			}
		},
		{
			"from": [-0.03333, 11, 5.96667],
			"to": [1.96667, 12, 6.96667],
			"rotation": {"angle": 0, "axis": "y", "origin": [-7.03333, 2, 2.96667]},
			"faces": {
				"north": {"uv": [2, 3.75, 2.5, 4], "texture": "#3"},
				"east": {"uv": [5.5, 3.75, 5.75, 4], "texture": "#3"},
				"south": {"uv": [2, 3.75, 2.5, 4], "texture": "#3"},
				"west": {"uv": [5.5, 3.75, 5.75, 4], "texture": "#3"},
				"up": {"uv": [2.5, 4, 2, 3.75], "texture": "#3"},
				"down": {"uv": [2.5, 3.75, 2, 4], "texture": "#3"}
			}
		},
		{
			"from": [-1.03333, 11, 5.96667],
			"to": [-0.03333, 12, 9.96667],
			"rotation": {"angle": 0, "axis": "y", "origin": [-7.03333, 2, 5.96667]},
			"faces": {
				"north": {"uv": [5.5, 3.75, 5.75, 4], "texture": "#3"},
				"east": {"uv": [3.25, 7.5, 4.25, 7.75], "texture": "#3"},
				"south": {"uv": [5.5, 3.75, 5.75, 4], "texture": "#3"},
				"west": {"uv": [3.25, 7.5, 4.25, 7.75], "texture": "#3"},
				"up": {"uv": [1.75, 8.25, 1.5, 7.25], "texture": "#3"},
				"down": {"uv": [1.75, 7.25, 1.5, 8.25], "texture": "#3"}
			}
		},
		{
			"from": [1.96667, 6, 11.96667],
			"to": [13.96667, 14, 13.96667],
			"rotation": {"angle": 0, "axis": "y", "origin": [-3.03333, 4, 17.96667]},
			"faces": {
				"north": {"uv": [2.5, 0, 5.5, 2], "texture": "#3"},
				"east": {"uv": [6, 6.75, 6.5, 8.75], "texture": "#3"},
				"south": {"uv": [2.5, 2, 5.5, 4], "texture": "#3"},
				"west": {"uv": [6.5, 6.75, 7, 8.75], "texture": "#3"},
				"up": {"uv": [8.5, 2, 5.5, 1.5], "texture": "#3"},
				"down": {"uv": [8.5, 1.5, 5.5, 2], "texture": "#3"}
			}
		},
		{
			"from": [1.96667, 6, 1.96667],
			"to": [13.96667, 14, 3.96667],
			"rotation": {"angle": 0, "axis": "y", "origin": [-3.03333, 4, 7.96667]},
			"faces": {
				"north": {"uv": [2.5, 2, 5.5, 4], "texture": "#3"},
				"east": {"uv": [6.5, 6.75, 7, 8.75], "texture": "#3"},
				"south": {"uv": [4, 4, 6, 6], "texture": "#3"},
				"west": {"uv": [6, 6.75, 6.5, 8.75], "texture": "#3"},
				"up": {"uv": [8.5, 2, 5.5, 1.5], "texture": "#3"},
				"down": {"uv": [8.5, 2, 5.5, 1.5], "texture": "#3"}
			}
		},
		{
			"from": [11.96667, 6, 3.96667],
			"to": [13.96667, 14, 11.96667],
			"rotation": {"angle": 0, "axis": "y", "origin": [6.96667, 4, 9.96667]},
			"faces": {
				"north": {"uv": [2.5, 0, 5.5, 2], "texture": "#3"},
				"east": {"uv": [0, 5.25, 2, 7.25], "texture": "#3"},
				"south": {"uv": [2.5, 0, 5.5, 2], "texture": "#3"},
				"west": {"uv": [4, 4, 6, 6], "texture": "#3"},
				"up": {"uv": [7, 8.75, 7.5, 6.75], "texture": "#3"},
				"down": {"uv": [7, 6.75, 7.5, 8.75], "texture": "#3"}
			}
		},
		{
			"from": [3.96667, 13.1, 3.96667],
			"to": [11.96667, 13.1, 11.96667],
			"rotation": {"angle": 0, "axis": "y", "origin": [12.96667, 2.1, 8.96667]},
			"faces": {
				"north": {"uv": [16, 5.25, 14, 3.25], "texture": "#3"},
				"east": {"uv": [16, 5.25, 14, 3.25], "texture": "#3"},
				"south": {"uv": [16, 5.25, 14, 3.25], "texture": "#3"},
				"west": {"uv": [16, 5.25, 14, 3.25], "texture": "#3"},
				"up": {"uv": [16, 5.25, 14, 3.25], "texture": "#3"},
				"down": {"uv": [16, 5.25, 14, 3.25], "texture": "#3"}
			}
		},
		{
			"from": [6.86, 6.785, 6.86],
			"to": [9.14, 11.345, 6.86],
			"rotation": {"angle": 0, "axis": "y", "origin": [8, 9.065, 8]},
			"faces": {
				"north": {"uv": [0, 7.25, 0.625, 8.375], "texture": "#3"},
				"east": {"uv": [0, 7.25, 0.625, 8.375], "texture": "#3"},
				"south": {"uv": [0, 7.25, 0.625, 8.375], "texture": "#3"},
				"west": {"uv": [0, 7.25, 0.625, 8.375], "texture": "#3"},
				"up": {"uv": [0.625, 0, 0, 0], "texture": "#3"},
				"down": {"uv": [0, 0, 0.625, 0], "texture": "#3"}
			}
		},
		{
			"from": [6.86, 6.785, 6.86],
			"to": [6.86, 11.345, 9.14],
			"rotation": {"angle": 0, "axis": "y", "origin": [8, 9.065, 8]},
			"faces": {
				"north": {"uv": [0, 7.25, 0.625, 8.375], "texture": "#3"},
				"east": {"uv": [0, 7.25, 0.625, 8.375], "texture": "#3"},
				"south": {"uv": [0, 7.25, 0.625, 8.375], "texture": "#3"},
				"west": {"uv": [0, 7.25, 0.625, 8.375], "texture": "#3"},
				"up": {"uv": [0, 0, 0.625, 0], "texture": "#3"},
				"down": {"uv": [0, 0, 0.625, 0], "texture": "#3"}
			}
		},
		{
			"from": [9.14, 6.785, 6.86],
			"to": [9.14, 11.345, 9.14],
			"rotation": {"angle": 0, "axis": "y", "origin": [8, 9.065, 8]},
			"faces": {
				"north": {"uv": [0, 7.25, 0.625, 8.375], "texture": "#3"},
				"east": {"uv": [0, 7.25, 0.625, 8.375], "texture": "#3"},
				"south": {"uv": [0, 7.25, 0.625, 8.375], "texture": "#3"},
				"west": {"uv": [0, 7.25, 0.625, 8.375], "texture": "#3"},
				"up": {"uv": [0, 0, 0.625, 0], "texture": "#3"},
				"down": {"uv": [0, 0, 0.625, 0], "texture": "#3"}
			}
		},
		{
			"from": [6.86, 6.785, 9.14],
			"to": [9.14, 11.345, 9.14],
			"rotation": {"angle": 0, "axis": "y", "origin": [8, 9.065, 8]},
			"faces": {
				"north": {"uv": [0, 7.25, 0.625, 8.375], "texture": "#3"},
				"east": {"uv": [0, 7.25, 0.625, 8.375], "texture": "#3"},
				"south": {"uv": [0, 7.25, 0.625, 8.375], "texture": "#3"},
				"west": {"uv": [0, 7.25, 0.625, 8.375], "texture": "#3"},
				"up": {"uv": [0, 0, 0.625, 0], "texture": "#3"},
				"down": {"uv": [0, 0, 0.625, 0], "texture": "#3"}
			}
		},
		{
			"from": [6.29, 7.975, 6.29],
			"to": [6.29, 10.825, 9.71],
			"rotation": {"angle": 0, "axis": "y", "origin": [8, 8.545, 8]},
			"faces": {
				"north": {"uv": [0, 7.25, 0.625, 8.375], "texture": "#3"},
				"east": {"uv": [0, 7.25, 0.625, 8.375], "texture": "#3"},
				"south": {"uv": [0, 7.25, 0.625, 8.375], "texture": "#3"},
				"west": {"uv": [0, 7.25, 0.625, 8.375], "texture": "#3"},
				"up": {"uv": [0, 0.875, 0, 0], "texture": "#3"},
				"down": {"uv": [0, 0, 0, 0.875], "texture": "#3"}
			}
		},
		{
			"from": [6.29, 7.975, 9.71],
			"to": [9.71, 10.825, 9.71],
			"rotation": {"angle": 0, "axis": "y", "origin": [8, 8.545, 8]},
			"faces": {
				"north": {"uv": [0, 7.25, 0.625, 8.375], "texture": "#3"},
				"east": {"uv": [0, 7.25, 0.625, 8.375], "texture": "#3"},
				"south": {"uv": [0, 7.25, 0.625, 8.375], "texture": "#3"},
				"west": {"uv": [0, 7.25, 0.625, 8.375], "texture": "#3"},
				"up": {"uv": [0, 0, 0, 0.875], "texture": "#3"},
				"down": {"uv": [0, 0, 0, 0.875], "texture": "#3"}
			}
		},
		{
			"from": [6.29, 7.975, 6.29],
			"to": [9.71, 10.825, 6.29],
			"rotation": {"angle": 0, "axis": "y", "origin": [8, 8.545, 8]},
			"faces": {
				"north": {"uv": [0, 7.25, 0.625, 8.375], "texture": "#3"},
				"east": {"uv": [0, 7.25, 0.625, 8.375], "texture": "#3"},
				"south": {"uv": [0, 7.25, 0.625, 8.375], "texture": "#3"},
				"west": {"uv": [0, 7.25, 0.625, 8.375], "texture": "#3"},
				"up": {"uv": [0, 0, 0, 0.875], "texture": "#3"},
				"down": {"uv": [0, 0, 0, 0.875], "texture": "#3"}
			}
		},
		{
			"from": [9.71, 7.975, 6.29],
			"to": [9.71, 10.825, 9.71],
			"rotation": {"angle": 0, "axis": "y", "origin": [8, 8.545, 8]},
			"faces": {
				"north": {"uv": [0, 7.25, 0.625, 8.375], "texture": "#3"},
				"east": {"uv": [0, 7.25, 0.625, 8.375], "texture": "#3"},
				"south": {"uv": [0, 7.25, 0.625, 8.375], "texture": "#3"},
				"west": {"uv": [0, 7.25, 0.625, 8.375], "texture": "#3"},
				"up": {"uv": [0, 0, 0, 0.875], "texture": "#3"},
				"down": {"uv": [0, 0, 0, 0.875], "texture": "#3"}
			}
		},
		{
			"from": [4.96667, 11, 10.96667],
			"to": [5.96667, 19, 11.96667],
			"rotation": {"angle": 0, "axis": "y", "origin": [-1.03333, 2, 10.96667]},
			"faces": {
				"north": {"uv": [5.5, 3.75, 5.75, 4], "texture": "#3"},
				"east": {"uv": [3.25, 7.5, 4.25, 7.75], "texture": "#3"},
				"south": {"uv": [5.5, 3.75, 5.75, 4], "texture": "#3"},
				"west": {"uv": [3.25, 7.5, 4.25, 7.75], "texture": "#3"},
				"up": {"uv": [1.75, 8.25, 1.5, 7.25], "texture": "#3"},
				"down": {"uv": [1.75, 7.25, 1.5, 8.25], "texture": "#3"}
			}
		},
		{
			"from": [-0.03333, 0, 13.96667],
			"to": [1.96667, 9, 15.96667],
			"rotation": {"angle": 0, "axis": "y", "origin": [-5.03333, -2, 5.96667]},
			"faces": {
				"north": {"uv": [5.5, 6.75, 6, 9], "texture": "#3"},
				"east": {"uv": [5.5, 6.75, 6, 9], "texture": "#3"},
				"south": {"uv": [5.5, 6.75, 6, 9], "texture": "#3"},
				"west": {"uv": [5.5, 6.75, 6, 9], "texture": "#3"},
				"up": {"uv": [2.5, 3.75, 2, 3.25], "texture": "#3"},
				"down": {"uv": [2.5, 3.25, 2, 3.75], "texture": "#3"}
			}
		},
		{
			"from": [13.96667, 0, 13.96667],
			"to": [15.96667, 9, 15.96667],
			"rotation": {"angle": 0, "axis": "y", "origin": [8.96667, -2, 5.96667]},
			"faces": {
				"north": {"uv": [5.5, 6.75, 6, 9], "texture": "#3"},
				"east": {"uv": [5.5, 6.75, 6, 9], "texture": "#3"},
				"south": {"uv": [5.5, 6.75, 6, 9], "texture": "#3"},
				"west": {"uv": [5.5, 6.75, 6, 9], "texture": "#3"},
				"up": {"uv": [2.5, 3.75, 2, 3.25], "texture": "#3"},
				"down": {"uv": [2.5, 3.25, 2, 3.75], "texture": "#3"}
			}
		},
		{
			"from": [13.96667, 0, -0.03333],
			"to": [15.96667, 9, 1.96667],
			"rotation": {"angle": 0, "axis": "y", "origin": [8.96667, -2, -8.03333]},
			"faces": {
				"north": {"uv": [5.5, 6.75, 6, 9], "texture": "#3"},
				"east": {"uv": [5.5, 6.75, 6, 9], "texture": "#3"},
				"south": {"uv": [5.5, 6.75, 6, 9], "texture": "#3"},
				"west": {"uv": [5.5, 6.75, 6, 9], "texture": "#3"},
				"up": {"uv": [2.5, 3.75, 2, 3.25], "texture": "#3"},
				"down": {"uv": [2.5, 3.25, 2, 3.75], "texture": "#3"}
			}
		},
		{
			"from": [-0.03333, 0, -0.03333],
			"to": [1.96667, 9, 1.96667],
			"rotation": {"angle": 0, "axis": "y", "origin": [-5.03333, -2, -8.03333]},
			"faces": {
				"north": {"uv": [5.5, 6.75, 6, 9], "texture": "#3"},
				"east": {"uv": [5.5, 6.75, 6, 9], "texture": "#3"},
				"south": {"uv": [5.5, 6.75, 6, 9], "texture": "#3"},
				"west": {"uv": [5.5, 6.75, 6, 9], "texture": "#3"},
				"up": {"uv": [2.5, 3.75, 2, 3.25], "texture": "#3"},
				"down": {"uv": [2.5, 3.25, 2, 3.75], "texture": "#3"}
			}
		},
		{
			"from": [-0.03333, 9, -0.03333],
			"to": [1.96667, 11, 1.96667],
			"rotation": {"angle": 0, "axis": "y", "origin": [-5.03333, 7, -8.03333]},
			"faces": {
				"north": {"uv": [2, 3.25, 2.5, 3.75], "texture": "#3"},
				"east": {"uv": [2, 3.25, 2.5, 3.75], "texture": "#3"},
				"south": {"uv": [2, 3.25, 2.5, 3.75], "texture": "#3"},
				"west": {"uv": [2, 3.25, 2.5, 3.75], "texture": "#3"},
				"up": {"uv": [2.5, 3.75, 2, 3.25], "texture": "#3"},
				"down": {"uv": [2.5, 3.25, 2, 3.75], "texture": "#3"}
			}
		},
		{
			"from": [-0.03333, 9, 13.96667],
			"to": [1.96667, 11, 15.96667],
			"rotation": {"angle": 0, "axis": "y", "origin": [-5.03333, 7, 5.96667]},
			"faces": {
				"north": {"uv": [2, 3.25, 2.5, 3.75], "texture": "#3"},
				"east": {"uv": [2, 3.25, 2.5, 3.75], "texture": "#3"},
				"south": {"uv": [2, 3.25, 2.5, 3.75], "texture": "#3"},
				"west": {"uv": [2, 3.25, 2.5, 3.75], "texture": "#3"},
				"up": {"uv": [2.5, 3.75, 2, 3.25], "texture": "#3"},
				"down": {"uv": [2.5, 3.25, 2, 3.75], "texture": "#3"}
			}
		},
		{
			"from": [13.96667, 9, -0.03333],
			"to": [15.96667, 11, 1.96667],
			"rotation": {"angle": 0, "axis": "y", "origin": [8.96667, 7, -8.03333]},
			"faces": {
				"north": {"uv": [2, 3.25, 2.5, 3.75], "texture": "#3"},
				"east": {"uv": [2, 3.25, 2.5, 3.75], "texture": "#3"},
				"south": {"uv": [2, 3.25, 2.5, 3.75], "texture": "#3"},
				"west": {"uv": [2, 3.25, 2.5, 3.75], "texture": "#3"},
				"up": {"uv": [2.5, 3.75, 2, 3.25], "texture": "#3"},
				"down": {"uv": [2.5, 3.25, 2, 3.75], "texture": "#3"}
			}
		},
		{
			"from": [13.96667, 9, 13.96667],
			"to": [15.96667, 11, 15.96667],
			"rotation": {"angle": 0, "axis": "y", "origin": [8.96667, 7, 5.96667]},
			"faces": {
				"north": {"uv": [2, 3.25, 2.5, 3.75], "texture": "#3"},
				"east": {"uv": [2, 3.25, 2.5, 3.75], "texture": "#3"},
				"south": {"uv": [2, 3.25, 2.5, 3.75], "texture": "#3"},
				"west": {"uv": [2, 3.25, 2.5, 3.75], "texture": "#3"},
				"up": {"uv": [2.5, 3.75, 2, 3.25], "texture": "#3"},
				"down": {"uv": [2.5, 3.25, 2, 3.75], "texture": "#3"}
			}
		},
		{
			"from": [13.96667, 9, 1.96667],
			"to": [15.96667, 11, 13.96667],
			"rotation": {"angle": 0, "axis": "y", "origin": [8.96667, -1, 5.96667]},
			"faces": {
				"north": {"uv": [4.25, 7.5, 4.75, 8], "texture": "#3"},
				"east": {"uv": [5.5, 2, 8.5, 2.5], "texture": "#3"},
				"south": {"uv": [4.25, 7.5, 4.75, 8], "texture": "#3"},
				"west": {"uv": [5.5, 2, 8.5, 2.5], "texture": "#3"},
				"up": {"uv": [2.5, 9, 2, 6], "texture": "#3"},
				"down": {"uv": [2, 6, 2.5, 9], "texture": "#3"}
			}
		},
		{
			"from": [-0.03333, 9, 1.96667],
			"to": [1.96667, 11, 13.96667],
			"rotation": {"angle": 0, "axis": "y", "origin": [-5.03333, -1, 5.96667]},
			"faces": {
				"north": {"uv": [4.25, 7.5, 4.75, 8], "texture": "#3"},
				"east": {"uv": [5.5, 2, 8.5, 2.5], "texture": "#3"},
				"south": {"uv": [4.25, 7.5, 4.75, 8], "texture": "#3"},
				"west": {"uv": [5.5, 2, 8.5, 2.5], "texture": "#3"},
				"up": {"uv": [2, 9, 2.5, 6], "texture": "#3"},
				"down": {"uv": [2, 6, 2.5, 9], "texture": "#3"}
			}
		},
		{
			"from": [1.96667, 9, -0.03333],
			"to": [13.96667, 11, 1.96667],
			"rotation": {"angle": 0, "axis": "y", "origin": [-5.03333, -1, -6.03333]},
			"faces": {
				"north": {"uv": [5.5, 2, 8.5, 2.5], "texture": "#3"},
				"east": {"uv": [4.25, 7.5, 4.75, 8], "texture": "#3"},
				"south": {"uv": [5.5, 2, 8.5, 2.5], "texture": "#3"},
				"west": {"uv": [4.25, 7.5, 4.75, 8], "texture": "#3"},
				"up": {"uv": [8.5, 3, 5.5, 2.5], "texture": "#3"},
				"down": {"uv": [8.5, 3, 5.5, 2.5], "texture": "#3"}
			}
		},
		{
			"from": [1.96667, 9, 13.96667],
			"to": [13.96667, 11, 15.96667],
			"rotation": {"angle": 0, "axis": "y", "origin": [-5.03333, -1, 7.96667]},
			"faces": {
				"north": {"uv": [5.5, 2, 8.5, 2.5], "texture": "#3"},
				"east": {"uv": [4.25, 7.5, 4.75, 8], "texture": "#3"},
				"south": {"uv": [5.5, 2, 8.5, 2.5], "texture": "#3"},
				"west": {"uv": [4.25, 7.5, 4.75, 8], "texture": "#3"},
				"up": {"uv": [8.5, 2.5, 5.5, 3], "texture": "#3"},
				"down": {"uv": [8.5, 3, 5.5, 2.5], "texture": "#3"}
			}
		},
		{
			"from": [4.06146, -0.00625, 3.53021],
			"to": [6.31146, 2.24375, 12.53021],
			"rotation": {"angle": 0, "axis": "y", "origin": [3.49896, -0.00625, 3.53021]},
			"faces": {
				"north": {"uv": [0.75, 7.25, 1.375, 7.875], "texture": "#3", "cullface": "north"},
				"east": {"uv": [5.5, 3, 7.75, 3.625], "texture": "#3"},
				"south": {"uv": [7.5, 0, 8.125, 0.625], "texture": "#3", "cullface": "south"},
				"west": {"uv": [2.5, 6, 4.75, 6.625], "texture": "#3"},
				"up": {"uv": [6.625, 6, 6, 3.75], "texture": "#3"},
				"down": {"uv": [5.375, 6, 4.75, 8.25], "texture": "#3", "cullface": "down"}
			}
		},
		{
			"from": [3.49896, 1.58125, 9.15521],
			"to": [12.49896, 3.83125, 11.40521],
			"rotation": {"angle": 15, "axis": "y", "origin": [7.99896, 2.70625, 10.28021]},
			"faces": {
				"north": {"uv": [5.5, 6, 7.75, 6.625], "texture": "#3"},
				"east": {"uv": [7.5, 0.75, 8.125, 1.375], "texture": "#3", "cullface": "east"},
				"south": {"uv": [2.5, 6.75, 4.75, 7.375], "texture": "#3"},
				"west": {"uv": [2.5, 7.5, 3.125, 8.125], "texture": "#3", "cullface": "west"},
				"up": {"uv": [9, 4.375, 6.75, 3.75], "texture": "#3"},
				"down": {"uv": [9, 4.5, 6.75, 5.125], "texture": "#3"}
			}
		},
		{
			"from": [9.68646, -0.00625, 3.53021],
			"to": [11.93646, 2.24375, 12.53021],
			"rotation": {"angle": 0, "axis": "y", "origin": [3.49896, -0.00625, 3.53021]},
			"faces": {
				"north": {"uv": [0.75, 7.25, 1.375, 7.875], "texture": "#3", "cullface": "north"},
				"east": {"uv": [5.5, 3, 7.75, 3.625], "texture": "#3"},
				"south": {"uv": [7.5, 0, 8.125, 0.625], "texture": "#3", "cullface": "south"},
				"west": {"uv": [2.5, 6, 4.75, 6.625], "texture": "#3"},
				"up": {"uv": [6, 3.75, 6.625, 6], "texture": "#3"},
				"down": {"uv": [4.75, 6, 5.375, 8.25], "texture": "#3", "cullface": "down"}
			}
		},
		{
			"from": [3.49896, 1.58125, 5.21771],
			"to": [12.49896, 3.83125, 7.46771],
			"rotation": {"angle": 20, "axis": "y", "origin": [7.99896, 2.70625, 6.34271]},
			"faces": {
				"north": {"uv": [5.5, 6, 7.75, 6.625], "texture": "#3"},
				"east": {"uv": [7.5, 0.75, 8.125, 1.375], "texture": "#3", "cullface": "east"},
				"south": {"uv": [2.5, 6.75, 4.75, 7.375], "texture": "#3"},
				"west": {"uv": [2.5, 7.5, 3.125, 8.125], "texture": "#3", "cullface": "west"},
				"up": {"uv": [6.75, 3.75, 9, 4.375], "texture": "#3"},
				"down": {"uv": [6.75, 4.5, 9, 5.125], "texture": "#3"}
			}
		},
		{
			"from": [3.31146, -0.10625, 1.53021],
			"to": [12.68646, 0.45625, 14.53021],
			"rotation": {"angle": 0, "axis": "y", "origin": [3.49896, -0.10625, 3.53021]},
			"faces": {
				"north": {"uv": [6.75, 5.75, 9.125, 5.875], "texture": "#3", "cullface": "north"},
				"east": {"uv": [6.75, 5.25, 10, 5.375], "texture": "#3"},
				"south": {"uv": [7.5, 6.75, 9.875, 6.875], "texture": "#3", "cullface": "south"},
				"west": {"uv": [6.75, 5.5, 10, 5.625], "texture": "#3"},
				"up": {"uv": [2.375, 3.25, 0, 0], "texture": "#3"},
				"down": {"uv": [0, 3.25, 2.375, 0], "texture": "#3"}
			}
		}
	],
	"gui_light": "front",
	"display": {
		"thirdperson_righthand": {
			"rotation": [32.5, 0, 0],
			"scale": [0.35, 0.35, 0.35]
		},
		"thirdperson_lefthand": {
			"rotation": [32.5, 0, 0],
			"scale": [0.35, 0.35, 0.35]
		},
		"ground": {
			"scale": [0.35, 0.35, 0.35]
		},
		"gui": {
			"rotation": [22.25, -14.25, 0],
			"scale": [0.75, 0.75, 0.75]
		},
		"head": {
			"translation": [0, 4.25, 0]
		},
		"fixed": {
			"rotation": [-90, 0, 0]
		}
	},
	"groups": [
		{
			"name": "todo",
			"origin": [-0.03333, 10.2857, -0.03333],
			"color": 0,
			"children": [
				{
					"name": "holla",
					"origin": [21.63333, 9.5, 14.96667],
					"color": 0,
					"children": [
						0,
						1,
						2,
						3,
						4,
						5,
						6,
						7,
						8,
						9,
						10,
						{
							"name": "off",
							"origin": [9.96667, 0.2, 5.96667],
							"color": 0,
							"children": [11]
						},
						{
							"name": "splash",
							"origin": [10, 14.875, 11],
							"color": 0,
							"children": [
								{
									"name": "splash1",
									"origin": [8, 10.065, 8],
									"color": 0,
									"children": [12, 13, 14, 15]
								},
								{
									"name": "splash2",
									"origin": [8, 14.685, 8],
									"color": 0,
									"children": [16, 17, 18, 19]
								}
							]
						},
						{
							"name": "palo",
							"origin": [5.46667, 15, 11.46667],
							"color": 0,
							"children": [20]
						}
					]
				},
				{
					"name": "pilars",
					"origin": [12.96667, 6, 5.96667],
					"color": 0,
					"children": [21, 22, 23, 24, 25, 26, 27, 28, 29, 30, 31, 32]
				}
			]
		},
		{
			"name": "campfire",
			"origin": [7.99583, 1.675, 8.12083],
			"color": 0,
			"children": [33, 34, 35, 36, 37]
		}
	]
}