{
	"format_version": "1.21.6",
	"credit": "Made with Blockbench",
	"texture_size": [64, 32],
	"textures": {
		"0": "item/enchanting_table_book",
		"particle": "item/enchanting_table_book"
	},
	"elements": [
		{
			"from": [7, 0, 10],
			"to": [9, 10, 10],
			"rotation": {"angle": 0, "axis": "y", "origin": [8, 0, 2]},
			"faces": {
				"north": {"uv": [3.5, 0, 4, 5], "texture": "#0"},
				"east": {"uv": [3, 0, 3, 5], "texture": "#0"},
				"south": {"uv": [3, 0, 3.5, 5], "texture": "#0"},
				"west": {"uv": [3.5, 0, 3.5, 5], "texture": "#0"},
				"up": {"uv": [3.5, 0, 3, 0], "texture": "#0"},
				"down": {"uv": [4, 0, 3.5, 0], "texture": "#0"}
			}
		},
		{
			"from": [9, 0, 2],
			"to": [9, 10, 10],
			"shade": false,
			"rotation": {"angle": 0, "axis": "y", "origin": [9, 0, 8]},
			"faces": {
				"north": {"uv": [1.5, 0, 1.5, 5], "texture": "#0"},
				"east": {"uv": [1.5, 0, 3, 5], "texture": "#0"},
				"south": {"uv": [0, 0, 0, 5], "texture": "#0"},
				"west": {"uv": [0, 0, 1.5, 5], "texture": "#0"},
				"up": {"uv": [0, 0, 1.5, 0], "rotation": 270, "texture": "#0"},
				"down": {"uv": [1.5, 0, 3, 0], "rotation": 90, "texture": "#0"}
			}
		},
		{
			"from": [9, 5, 3],
			"to": [9.2, 10, 5],
			"shade": false,
			"rotation": {"angle": 0, "axis": "y", "origin": [11, 0, 9]},
			"faces": {
				"north": {"uv": [15.75, 0, 16, 4], "texture": "#0"},
				"east": {"uv": [14.75, 0, 16, 5], "texture": "#0"},
				"south": {"uv": [15.75, 0, 16, 4], "texture": "#0"},
				"up": {"uv": [14.75, 0, 16, 1], "rotation": 270, "texture": "#0"},
				"down": {"uv": [14.75, 4.5, 16, 5], "texture": "#0"}
			}
		},
		{
			"from": [7, 0, 2],
			"to": [7, 10, 10],
			"shade": false,
			"rotation": {"angle": 0, "axis": "y", "origin": [7, 0, 8]},
			"faces": {
				"north": {"uv": [4, 0, 4, 5], "texture": "#0"},
				"east": {"uv": [4, 0, 5.5, 5], "texture": "#0"},
				"south": {"uv": [5.5, 0, 5.5, 5], "texture": "#0"},
				"west": {"uv": [5.5, 0, 7, 5], "texture": "#0"},
				"up": {"uv": [4, 0, 5.5, 0], "rotation": 90, "texture": "#0"},
				"down": {"uv": [5.5, 0, 7, 0], "rotation": 270, "texture": "#0"}
			}
		},
		{
			"from": [7, 1, 3],
			"to": [8, 9, 10],
			"rotation": {"angle": 0, "axis": "y", "origin": [8, 0, 8]},
			"faces": {
				"north": {"uv": [1.5, 5.5, 1.75, 9.5], "texture": "#0"},
				"east": {"uv": [1.75, 5.5, 3, 9.5], "texture": "#0"},
				"up": {"uv": [1.5, 5.5, 0.25, 5], "rotation": 90, "texture": "#0"},
				"down": {"uv": [2.75, 5, 1.5, 5.5], "rotation": 270, "texture": "#0"}
			}
		},
		{
			"from": [8, 1, 3],
			"to": [9, 9, 10],
			"rotation": {"angle": 0, "axis": "y", "origin": [8, 0, 8]},
			"faces": {
				"north": {"uv": [3, 5.5, 3.25, 9.5], "texture": "#0"},
				"west": {"uv": [3.25, 5.5, 4.5, 9.5], "texture": "#0"},
				"up": {"uv": [4.5, 5.5, 3.25, 5], "rotation": 270, "texture": "#0"},
				"down": {"uv": [5.75, 5, 4.5, 5.5], "rotation": 90, "texture": "#0"}
			}
		},
		{
			"from": [8, 1, 3],
			"to": [8, 9, 10],
			"rotation": {"angle": 0, "axis": "y", "origin": [8, 1, 7]},
			"faces": {
				"north": {"uv": [7.25, 5, 7.25, 9], "texture": "#missing"},
				"east": {"uv": [8.5, 5, 7.25, 9], "texture": "#0"},
				"south": {"uv": [6, 5, 6, 9], "texture": "#missing"},
				"up": {"uv": [7.25, 5, 6, 5], "rotation": 90, "texture": "#missing"},
				"down": {"uv": [8.5, 5, 7.25, 5], "rotation": 270, "texture": "#missing"}
			}
		},
		{
			"from": [8, 1, 3],
			"to": [8, 9, 10],
			"rotation": {"angle": 0, "axis": "y", "origin": [8, 0, 7]},
			"faces": {
				"north": {"uv": [6, 5, 6, 9], "texture": "#missing"},
				"south": {"uv": [7.25, 5, 7.25, 9], "texture": "#missing"},
				"west": {"uv": [6, 5, 7.25, 9], "rotation": 180, "texture": "#0"},
				"up": {"uv": [7.25, 5, 6, 5], "rotation": 270, "texture": "#missing"},
				"down": {"uv": [8.5, 5, 7.25, 5], "rotation": 90, "texture": "#missing"}
			}
		}
	],
	"gui_light": "front",
	"display": {
		"thirdperson_righthand": {
			"rotation": [0, -180, 0],
			"translation": [-0.751, 1, 1]
		},
		"thirdperson_lefthand": {
			"rotation": [0, -180, 0],
			"translation": [-0.751, 1, 1]
		},
		"firstperson_righthand": {
			"rotation": [0, -180, 0],
			"translation": [-1, 4.5, 1]
		},
		"firstperson_lefthand": {
			"rotation": [0, -180, 0],
			"translation": [-1, 4.5, 1]
		},
		"ground": {
			"rotation": [-8.21, -37.53, -107.91]
		},
		"gui": {
			"rotation": [45, -90, 90],
			"translation": [-3, 3.5, 0],
			"scale": [1.5, 1.5, 1.5]
		},
		"head": {
			"rotation": [90, 90, 0],
			"translation": [2.5, 7.75, 3.75],
			"scale": [1.28, 1.28, 1.36]
		},
		"fixed": {
			"rotation": [0, 90, 0],
			"translation": [6, 6, -2.1],
			"scale": [2, 2, 2]
		}
	},
	"groups": [
		{
			"name": "group",
			"origin": [9, 5, 7],
			"color": 0,
			"children": [0, 1, 2, 3, 4, 5, 6, 7]
		}
	]
}