{
    "providers": [
      {
         "type":"space",
         "advances":{
            " ":4,
            "\uE200":-8
         }
      },
      {
         "type":"bitmap",
         "file":"custom_ui:custom_gui/menu_wildpass.png",
         "height":256,
         "ascent":19,
         "chars":[
             "侗"
         ]
     },
      {
         "type":"bitmap",
         "file":"custom_ui:custom_gui/menu_fishing.png",
         "height":256,
         "ascent":19,
         "chars":[
             "ꏅ"
         ]
     },
      {
         "type":"bitmap",
         "file":"custom_ui:custom_gui/menu_fishing_journal.png",
         "height":256,
         "ascent":19,
         "chars":[
             "ꏆ"
         ]
     },
      {
         "type":"bitmap",
         "file":"custom_ui:custom_gui/menu_fishing_journal_1.png",
         "height":256,
         "ascent":19,
         "chars":[
             "ꏇ"
         ]
     },
      {
         "type":"bitmap",
         "file":"custom_ui:custom_gui/menu_archeology_buy.png",
         "height":256,
         "ascent":19,
         "chars":[
             "ꏈ"
         ]
     },
      {
         "type":"bitmap",
         "file":"custom_ui:custom_gui/menu_wildpass_missions.png",
         "height":256,
         "ascent":19,
         "chars":[
             "侇"
         ]
     },
      {
         "type":"bitmap",
         "file":"custom_ui:custom_gui/menu_wildpass_leaderboard.png",
         "height":256,
         "ascent":19,
         "chars":[
             "侈"
         ]
     },

      {
         "type":"bitmap",
         "file":"custom_ui:custom_gui/quests.png",
         "height":256,
         "ascent":19,
         "chars":[
             "ꆆ"
         ]
     },
      {
         "type":"bitmap",
         "file":"custom_ui:custom_gui/menu_pets.png",
         "height":256,
         "ascent":19,
         "chars":[
             "ꆇ"
         ]
     },
      {
         "type":"bitmap",
         "file":"custom_ui:custom_gui/menu_cook_recipes.png",
         "height":256,
         "ascent":19,
         "chars":[
             "ꆈ"
         ]
     },
      {
         "file":"custom_ui:custom_gui/menu_crate_preview.png",
         "chars":[
            "ꎆ"
         ],
         "height":256,
         "ascent":19,
         "type":"bitmap"
      },
      {
         "file":"custom_ui:custom_gui/menu_rewards.png",
         "chars":[
            "ꎈ"
         ],
         "height":256,
         "ascent":19,
         "type":"bitmap"
      },
      {
         "file":"custom_ui:custom_gui/menu_poses.png",
         "chars":[
            "ꎉ"
         ],
         "height":256,
         "ascent":19,
         "type":"bitmap"
      },
      {
         "file":"custom_ui:custom_gui/kits/menu_kits.png",
         "chars":[
            "侐"
         ],
         "height":256,
         "ascent":19,
         "type":"bitmap"
      },
      {
         "file":"custom_ui:custom_gui/kits/menu_kits_preview.png",
         "chars":[
            ""
         ],
         "height":256,
         "ascent":19,
         "type":"bitmap"
      },
      {
         "file":"custom_ui:custom_gui/kits/menu_kits_buy.png",
         "chars":[
            "꣔"
         ],
         "height":256,
         "ascent":19,
         "type":"bitmap"
      },
      {
         "file":"custom_ui:custom_gui/menu_protection_shop.png",
         "chars":[
            "�"
         ],
         "height":256,
         "ascent":19,
         "type":"bitmap"
      },
      {
         "file":"custom_ui:custom_gui/upgrades/menu_upgrades.png",
         "chars":[
            ""
         ],
         "height":256,
         "ascent":19,
         "type":"bitmap"
      },
      {
         "file":"custom_ui:custom_gui/upgrades/menu_upgrades_homes.png",
         "chars":[
            ""
         ],
         "height":256,
         "ascent":19,
         "type":"bitmap"
      },
      {
         "file":"custom_ui:custom_gui/upgrades/menu_upgrades_auctions.png",
         "chars":[
            ""
         ],
         "height":256,
         "ascent":19,
         "type":"bitmap"
      },
      {
         "file":"custom_ui:custom_gui/upgrades/menu_upgrades_protection.png",
         "chars":[
            ""
         ],
         "height":256,
         "ascent":19,
         "type":"bitmap"
      },
      {
         "file":"custom_ui:custom_gui/jobs/menu_jobs.png",
         "chars":[
            "ꎧ"
         ],
         "height":256,
         "ascent":19,
         "type":"bitmap"
      },
      {
         "file":"custom_ui:custom_gui/jobs/menu_jobs_acceptwork.png",
         "chars":[
            ""
         ],
         "height":256,
         "ascent":19,
         "type":"bitmap"
      },
      {
         "file":"custom_ui:custom_gui/menu_warps.png",
         "chars":[
            "侅"
         ],
         "height":256,
         "ascent":19,
         "type":"bitmap"
      },
      {
         "file":"custom_ui:custom_gui/bounties/menu_bounties.png",
         "chars":[
            ""
         ],
         "height":256,
         "ascent":19,
         "type":"bitmap"
      },
      {
         "file":"custom_ui:custom_gui/bounties/menu_bounties_select.png",
         "chars":[
            ""
         ],
         "height":256,
         "ascent":19,
         "type":"bitmap"
      },
      {
         "file":"custom_ui:custom_gui/bounties/menu_bounties_addrem.png",
         "chars":[
            "ꎞ"
         ],
         "height":256,
         "ascent":19,
         "type":"bitmap"
      },
      {
         "file":"custom_ui:custom_gui/bounties/menu_bounties_yesno.png",
         "chars":[
            "ꎟ"
         ],
         "height":256,
         "ascent":19,
         "type":"bitmap"
      },
      {
         "file":"custom_ui:custom_gui/skills/menu_skills.png",
         "chars":[
            ""
         ],
         "height":256,
         "ascent":19,
         "type":"bitmap"
      },
      {
         "file":"custom_ui:custom_gui/skills/menu_skills_leveling.png",
         "chars":[
            ""
         ],
         "height":256,
         "ascent":19,
         "type":"bitmap"
      },
      {
         "file":"custom_ui:custom_gui/skills/menu_skills_sources.png",
         "chars":[
            ""
         ],
         "height":256,
         "ascent":19,
         "type":"bitmap"
      },
      {
         "file":"custom_ui:custom_gui/skills/menu_skills_leaderboards.png",
         "chars":[
            "ꎢ"
         ],
         "height":256,
         "ascent":19,
         "type":"bitmap"
      },
      {
         "file":"custom_ui:custom_gui/skills/menu_skills_abilities.png",
         "chars":[
            ""
         ],
         "height":256,
         "ascent":19,
         "type":"bitmap"
      },
      {
         "file":"custom_ui:custom_gui/skills/menu_skills_stats.png",
         "chars":[
            ""
         ],
         "height":256,
         "ascent":19,
         "type":"bitmap"
      },
      {
         "file":"custom_ui:custom_gui/enchantments/menu_enchantments.png",
         "chars":[
            ""
         ],
         "height":256,
         "ascent":19,
         "type":"bitmap"
      },
      {
         "file":"custom_ui:custom_gui/enchantments/menu_enchants_blacksmith.png",
         "chars":[
            "ꎌ"
         ],
         "height":256,
         "ascent":19,
         "type":"bitmap"
      },
      {
         "file":"custom_ui:custom_gui/menu_menu.png",
         "chars":[
            ""
         ],
         "height":256,
         "ascent":19,
         "type":"bitmap"
      },
      {
         "file":"custom_ui:custom_gui/dungeons/menu_dungeons.png",
         "chars":[
            ""
         ],
         "height":256,
         "ascent":19,
         "type":"bitmap"
      },
      {
         "file":"custom_ui:custom_gui/menu_menu_donator.png",
         "chars":[
            "ꎂ"
         ],
         "height":256,
         "ascent":19,
         "type":"bitmap"
      },
      {
         "file":"custom_ui:custom_gui/menu_rtp.png",
         "chars":[
            ""
         ],
         "height":256,
         "ascent":19,
         "type":"bitmap"
      },
      {
         "file":"custom_ui:custom_gui/menu_graves.png",
         "chars":[
            ""
         ],
         "height":256,
         "ascent":19,
         "type":"bitmap"
      },
      {
         "file":"custom_ui:custom_gui/shop/menu_shop.png",
         "chars":[
            "ꏃ"
],
         "height":256,
         "ascent":19,
         "type":"bitmap"
      },
      {
         "file":"custom_ui:custom_gui/shop/menu_shop_sell.png",
         "chars":[
            ""
         ],
         "height":256,
         "ascent":19,
         "type":"bitmap"
      },
      {
         "file":"custom_ui:custom_gui/shop/menu_shop_buy.png",
         "chars":[
            ""
         ],
         "height":256,
         "ascent":19,
         "type":"bitmap"
      },
      {
         "file":"custom_ui:custom_gui/shop/menu_shop_buymore.png",
         "chars":[
            "ꎡ"
         ],
         "height":256,
         "ascent":19,
         "type":"bitmap"
      },
      {
         "file":"custom_ui:custom_gui/auctions/menu_auctions_myauctions.png",
         "chars":[
            "ꏁ"
         ],
         "height":256,
         "ascent":19,
         "type":"bitmap"
      },
      {
         "file":"custom_ui:custom_gui/auctions/menu_auctions_expiredauctions.png",
         "chars":[
            ""
         ],
         "height":256,
         "ascent":19,
         "type":"bitmap"
      },
      {
         "file":"custom_ui:custom_gui/auctions/menu_auctions_youractions.png",
         "chars":[
            "ㇺ"
         ],
         "height":256,
         "ascent":19,
         "type":"bitmap"
      },
      {
         "file":"custom_ui:custom_gui/auctions/menu_auctions_listings.png",
         "chars":[
            ""
         ],
         "height":256,
         "ascent":19,
         "type":"bitmap"
      },
      {
         "file":"custom_ui:custom_gui/auctions/menu_auctions_confirm.png",
         "chars":[
            ""
         ],
         "height":256,
         "ascent":19,
         "type":"bitmap"
      },
      {
         "file":"custom_ui:custom_gui/auctions/menu_auctions_bidding.png",
         "chars":[
            "ꎍ"
         ],
         "height":256,
         "ascent":19,
         "type":"bitmap"
      },
      {
         "file":"custom_ui:custom_gui/auctions/menu_auctions_auction.png",
         "chars":[
            "ꏂ"
         ],
         "height":256,
         "ascent":19,
         "type":"bitmap"
      },
      {
         "type":"bitmap",
         "file":"custom_ui:custom_gui/menu_playerwarps.png",
         "height":256,
         "ascent":19,
         "chars":[
             "侉"
         ]
     },
      {
         "type":"bitmap",
         "file":"custom_ui:custom_gui/menu_mywarps.png",
         "height":256,
         "ascent":19,
         "chars":[
             "侙"
         ]
     },
      {
         "file":"custom_ui:custom_gui/menu_servershop.png",
         "chars":[
            "ꎊ"
         ],
         "height":256,
         "ascent":19,
         "type":"bitmap"
      },
      {
         "file":"custom_ui:custom_gui/menu_confirm.png",
         "chars":[
            "ꎋ"
         ],
         "height":256,
         "ascent":19,
         "type":"bitmap"
      },
      {
         "file":"custom_ui:custom_gui/earth/menu_warps2.png",
         "chars":[
            "來"
         ],
         "height":256,
         "ascent":19,
         "type":"bitmap"
      },
      {
         "type":"bitmap",
         "file":"custom_ui:custom_gui/earth/earthrtp.png",
         "height":256,
         "ascent":19,
         "chars":[
             "⤿"
         ]
     },
      {
         "type":"bitmap",
         "file":"custom_ui:custom_gui/earth/menu_space.png",
         "height":256,
         "ascent":19,
         "chars":[
             "佉"
         ]
     },
      {
         "type":"bitmap",
         "file":"custom_ui:custom_gui/earth/nationtags.png",
         "height":256,
         "ascent":19,
         "chars":[
             "⍪"
         ]
     }
   ]
}
