{
    "providers": [
      {
         "type":"space",
         "advances":{
            " ":4,
            "\uE200":-8
         }
      },
      {
         "type":"bitmap",
         "file":"custom_ui:custom_gui/quests.png",
         "height":256,
         "ascent":19,
         "chars":[
             "ꆆ"
         ]
     },
      {
         "type":"bitmap",
         "file":"custom_ui:custom_gui/menu_pets.png",
         "height":256,
         "ascent":19,
         "chars":[
             "ꆇ"
         ]
     },
      {
         "file":"custom_ui:custom_gui/menu_crate_preview.png",
         "chars":[
            "ꎆ"
         ],
         "height":256,
         "ascent":19,
         "type":"bitmap"
      },
      {
         "file":"custom_ui:custom_gui/menu_rewards.png",
         "chars":[
            "ꎈ"
         ],
         "height":256,
         "ascent":19,
         "type":"bitmap"
      },
      {
         "file":"custom_ui:custom_gui/menu_poses.png",
         "chars":[
            "ꎉ"
         ],
         "height":256,
         "ascent":19,
         "type":"bitmap"
      },
      {
         "file":"custom_ui:custom_gui/kits/menu_kits.png",
         "chars":[
            "侐"
         ],
         "height":256,
         "ascent":19,
         "type":"bitmap"
      },
      {
         "file":"custom_ui:custom_gui/kits/menu_kits_preview.png",
         "chars":[
            ""
         ],
         "height":256,
         "ascent":19,
         "type":"bitmap"
      },
      {
         "file":"custom_ui:custom_gui/kits/menu_kits_buy.png",
         "chars":[
            "꣔"
         ],
         "height":256,
         "ascent":19,
         "type":"bitmap"
      },
      {
         "file":"custom_ui:custom_gui/menu_protection_shop.png",
         "chars":[
            "�"
         ],
         "height":256,
         "ascent":19,
         "type":"bitmap"
      },
      {
         "file":"custom_ui:custom_gui/upgrades/menu_upgrades.png",
         "chars":[
            ""
         ],
         "height":256,
         "ascent":19,
         "type":"bitmap"
      },
      {
         "file":"custom_ui:custom_gui/upgrades/menu_upgrades_homes.png",
         "chars":[
            ""
         ],
         "height":256,
         "ascent":19,
         "type":"bitmap"
      },
      {
         "file":"custom_ui:custom_gui/upgrades/menu_upgrades_auctions.png",
         "chars":[
            ""
         ],
         "height":256,
         "ascent":19,
         "type":"bitmap"
      },
      {
         "file":"custom_ui:custom_gui/upgrades/menu_upgrades_protection.png",
         "chars":[
            ""
         ],
         "height":256,
         "ascent":19,
         "type":"bitmap"
      },
      {
         "file":"custom_ui:custom_gui/jobs/menu_jobs.png",
         "chars":[
            "ꎧ"
         ],
         "height":256,
         "ascent":19,
         "type":"bitmap"
      },
      {
         "file":"custom_ui:custom_gui/jobs/menu_jobs_acceptwork.png",
         "chars":[
            ""
         ],
         "height":256,
         "ascent":19,
         "type":"bitmap"
      },
      {
         "file":"custom_ui:custom_gui/menu_warps.png",
         "chars":[
            "侅"
         ],
         "height":256,
         "ascent":19,
         "type":"bitmap"
      },
      {
         "file":"custom_ui:custom_gui/bounties/menu_bounties.png",
         "chars":[
            ""
         ],
         "height":256,
         "ascent":19,
         "type":"bitmap"
      },
      {
         "file":"custom_ui:custom_gui/bounties/menu_bounties_select.png",
         "chars":[
            ""
         ],
         "height":256,
         "ascent":19,
         "type":"bitmap"
      },
      {
         "file":"custom_ui:custom_gui/bounties/menu_bounties_addrem.png",
         "chars":[
            "ꎞ"
         ],
         "height":256,
         "ascent":19,
         "type":"bitmap"
      },
      {
         "file":"custom_ui:custom_gui/bounties/menu_bounties_yesno.png",
         "chars":[
            "ꎟ"
         ],
         "height":256,
         "ascent":19,
         "type":"bitmap"
      },
      {
         "file":"custom_ui:custom_gui/skills/menu_skills.png",
         "chars":[
            ""
         ],
         "height":256,
         "ascent":19,
         "type":"bitmap"
      },
      {
         "file":"custom_ui:custom_gui/skills/menu_skills_leveling.png",
         "chars":[
            ""
         ],
         "height":256,
         "ascent":19,
         "type":"bitmap"
      },
      {
         "file":"custom_ui:custom_gui/skills/menu_skills_sources.png",
         "chars":[
            ""
         ],
         "height":256,
         "ascent":19,
         "type":"bitmap"
      },
      {
         "file":"custom_ui:custom_gui/skills/menu_skills_leaderboards.png",
         "chars":[
            "ꎢ"
         ],
         "height":256,
         "ascent":19,
         "type":"bitmap"
      },
      {
         "file":"custom_ui:custom_gui/skills/menu_skills_abilities.png",
         "chars":[
            ""
         ],
         "height":256,
         "ascent":19,
         "type":"bitmap"
      },
      {
         "file":"custom_ui:custom_gui/skills/menu_skills_stats.png",
         "chars":[
            ""
         ],
         "height":256,
         "ascent":19,
         "type":"bitmap"
      },
      {
         "file":"custom_ui:custom_gui/enchantments/menu_enchantments.png",
         "chars":[
            ""
         ],
         "height":256,
         "ascent":19,
         "type":"bitmap"
      },
      {
         "file":"custom_ui:custom_gui/enchantments/menu_enchants_tinkerer.png",
         "chars":[
            "ꎍ"
         ],
         "height":256,
         "ascent":19,
         "type":"bitmap"
      },
      {
         "file":"custom_ui:custom_gui/enchantments/menu_enchants_blacksmith.png",
         "chars":[
            "ꎌ"
         ],
         "height":256,
         "ascent":19,
         "type":"bitmap"
      },
      {
         "file":"custom_ui:custom_gui/menu_menu.png",
         "chars":[
            ""
         ],
         "height":256,
         "ascent":19,
         "type":"bitmap"
      },
      {
         "file":"custom_ui:custom_gui/dungeons/menu_dungeons.png",
         "chars":[
            ""
         ],
         "height":256,
         "ascent":19,
         "type":"bitmap"
      },
      {
         "file":"custom_ui:custom_gui/menu_menu_donator.png",
         "chars":[
            "ꎂ"
         ],
         "height":256,
         "ascent":19,
         "type":"bitmap"
      },
      {
         "file":"custom_ui:custom_gui/menu_rtp.png",
         "chars":[
            ""
         ],
         "height":256,
         "ascent":19,
         "type":"bitmap"
      },
      {
         "file":"custom_ui:custom_gui/menu_graves.png",
         "chars":[
            ""
         ],
         "height":256,
         "ascent":19,
         "type":"bitmap"
      },
      {
         "file":"custom_ui:custom_gui/shop/menu_shop.png",
         "chars":[
            "ꏃ"
         ],
         "height":256,
         "ascent":19,
         "type":"bitmap"
      },
      {
         "file":"custom_ui:custom_gui/shop/menu_shop_browse.png",
         "chars":[
            ""
         ],
         "height":256,
         "ascent":19,
         "type":"bitmap"
      },
      {
         "file":"custom_ui:custom_gui/shop/menu_shop_buysell.png",
         "chars":[
            "ꎡ"
         ],
         "height":256,
         "ascent":19,
         "type":"bitmap"
      },
      {
         "file":"custom_ui:custom_gui/auctions/menu_auctions_myauctions.png",
         "chars":[
            "ꏁ"
         ],
         "height":256,
         "ascent":19,
         "type":"bitmap"
      },
      {
         "file":"custom_ui:custom_gui/auctions/menu_auctions_expiredauctions.png",
         "chars":[
            ""
         ],
         "height":256,
         "ascent":19,
         "type":"bitmap"
      },
      {
         "file":"custom_ui:custom_gui/auctions/menu_auctions_youractions.png",
         "chars":[
            "ㇺ"
         ],
         "height":256,
         "ascent":19,
         "type":"bitmap"
      },
      {
         "file":"custom_ui:custom_gui/auctions/menu_auctions_listings.png",
         "chars":[
            ""
         ],
         "height":256,
         "ascent":19,
         "type":"bitmap"
      },
      {
         "file":"custom_ui:custom_gui/auctions/menu_auctions_buy.png",
         "chars":[
            ""
         ],
         "height":256,
         "ascent":19,
         "type":"bitmap"
      },
      {
         "file":"custom_ui:custom_gui/menu_merchant.png",
         "chars":[
            "ꏂ"
         ],
         "height":256,
         "ascent":19,
         "type":"bitmap"
      },
      {
         "file":"custom_ui:custom_gui/menu_servershop.png",
         "chars":[
            "ꎊ"
         ],
         "height":256,
         "ascent":19,
         "type":"bitmap"
      }
   ]
}
