{
    "providers": [
      {
         "file":"custom_ui:tags/npc.png",
         "chars":[
            ""
         ],
         "height":7,
         "ascent":7,
         "type":"bitmap"
      },
      {
         "file":"custom_ui:tags/afk.png",
         "chars":[
            ""
         ],
         "height":7,
         "ascent":7,
         "type":"bitmap"
      },
      {
         "file":"custom_ui:tags/discord.png",
         "chars":[
            ""
         ],
         "height":7,
         "ascent":7,
         "type":"bitmap"
      },
      {
         "file":"custom_ui:tags/wanted.png",
         "chars":[
            ""
         ],
         "height":7,
         "ascent":7,
         "type":"bitmap"
      },
      {
         "file":"custom_ui:tags/announcement.png",
         "chars":[
            ""
         ],
         "height":7,
         "ascent":7,
         "type":"bitmap"
      },
      {
         "file":"custom_ui:tags/locked.png",
         "chars":[
            ""
         ],
         "height":7,
         "ascent":7,
         "type":"bitmap"
      },
      {
         "file":"custom_ui:tags/unlocked.png",
         "chars":[
            ""
         ],
         "height":7,
         "ascent":7,
         "type":"bitmap"
      }
   ]
}
