{
    "providers": [
      {
         "file":"custom_ui:titles/menu_banner.png",
         "chars":[
            ""
         ],
         "height":236,
         "ascent":-10,
         "type":"bitmap"
      },
      {
         "file":"custom_ui:titles/earth.png",
         "chars":[
            ""
         ],
         "height":50,
         "ascent":15,
         "type":"bitmap"
      },
      {
         "type":"bitmap",
         "file":"space:space_split.png",
         "ascent":0,
         "height":0,
         "chars":[
            ""
         ]
      },
      {
         "file":"custom_ui:titles/earth.png",
         "chars":[
            ""
         ],
         "height":30,
         "ascent":15,
         "type":"bitmap"
      },
      {
         "file":"custom_ui:titles/earth.png",
         "chars":[
            ""
         ],
         "height":30,
         "ascent":15,
         "type":"bitmap"
      }
   ]
}
