{
    "model": {
        "type": "range_dispatch",
        "property": "custom_model_data",
        "fallback": {
            "type": "model",
            "model": "item/cooked_beef"
        },
        "entries": [
            {
                "threshold": 5,
                "model": {
                    "type": "model",
                    "model": "cooking/chicken_sandwich"
                }
            },
            {
                "threshold": 6,
                "model": {
                    "type": "model",
                    "model": "cooking/chocolate_bar"
                }
            },
            {
                "threshold": 7,
                "model": {
                    "type": "model",
                    "model": "cooking/cod_sandwich"
                }
            },
            {
                "threshold": 8,
                "model": {
                    "type": "model",
                    "model": "cooking/eggsteak"
                }
            },
            {
                "threshold": 9,
                "model": {
                    "type": "model",
                    "model": "cooking/fried_eggs"
                }
            },
            {
                "threshold": 10,
                "model": {
                    "type": "model",
                    "model": "cooking/ham_sandwich"
                }
            },
            {
                "threshold": 11,
                "model": {
                    "type": "model",
                    "model": "cooking/mutton_sandwich"
                }
            },
            {
                "threshold": 12,
                "model": {
                    "type": "model",
                    "model": "cooking/salmon_sandwich"
                }
            },
            {
                "threshold": 13,
                "model": {
                    "type": "model",
                    "model": "cooking/bacon_eggs"
                }
            },
            {
                "threshold": 14,
                "model": {
                    "type": "model",
                    "model": "cooking/beef_sandwich"
                }
            },
            {
                "threshold": 15,
                "model": {
                    "type": "model",
                    "model": "cooking/donut"
                }
            }
        ]
    }
}
