{
    "model": {
        "type": "range_dispatch",
        "property": "custom_model_data",
        "fallback": {
            "type": "model",
            "model": "item/cooked_beef"
        },
        "entries": [
            {
                "threshold": 5,
                "model": {
                    "type": "model",
                    "model": "chicken_sandwich"
                }
            },
            {
                "threshold": 6,
                "model": {
                    "type": "model",
                    "model": "chocolate_bar"
                }
            },
            {
                "threshold": 7,
                "model": { 
                    "type": "model",
                    "model": "cod_sandwich"
                }
            },
            {
                "threshold": 8,
                "model": {
                    "type": "model",
                    "model": "eggsteak"
                }
            },
            {
                "threshold": 9,
                "model": {
                    "type": "model",
                    "model": "fried_eggs"
                }
            },
            {
                "threshold": 10,
                "model": {
                    "type": "model",
                    "model": "ham_sandwich"
                }
            },
            {
                "threshold": 11,
                "model": {
                    "type": "model",
                    "model": "mutton_sandwich"
                }
            },
            {
                "threshold": 12,
                "model": {
                    "type": "model",
                    "model": "salmon_sandwich" 
                }
            },
            {
                "threshold": 13,
                "model": {
                    "type": "model",
                    "model": "bacon_eggs"
                }
            },
            {
                "threshold": 14,
                "model": {
                    "type": "model",
                    "model": "beef_sandwich"
                }
            },
            {
                "threshold": 15,
                "model": {
                    "type": "model",
                    "model": "donut"
                }
            }
        ]
    }
}
