{
    "model": {
        "type": "range_dispatch",
        "property": "custom_model_data",
        "fallback": {
            "type": "model",
            "model": "item/netherite_shovel"
        },
        "entries": [
            {
                "threshold": 1212,
                "model": {
                    "type": "model",
                    "model": "deluxe_shovel"
                }
            },
            {
                "threshold": 1214,
                "model": {
                    "type": "model",
                    "model": "void_shovel"
                }
            }, 
            {
                "threshold": 1215,
                "model": {
                    "type": "model",
                    "model": "power_shovel"
                }
            },
            {
                "threshold": 1216,
                "model": {
                    "type": "model",
                    "model": "master_shovel"
                }
            }
        ]
    }
}