{
    "model": {
        "type": "range_dispatch",
        "property": "custom_model_data",
        "fallback": {
            "type": "model",
            "model": "item/paper"
        }, 
        "entries": [
            {
                "threshold": 5,
                "model": {
                    "type": "model",
                    "model": "winged_chestplate"
                }
            },
            {
                "threshold": 6,
                "model": {
                    "type": "model",
                    "model": "diamond_apple"
                }
            },
            {
                "threshold": 7,
                "model": {
                    "type": "model",
                    "model": "cursed_apple"
                }
            },
            {
                "threshold": 8,
                "model": {
                    "type": "model",
                    "model": "relic_key"
                }
            },
            {
                "threshold": 12,
                "model": {
                    "type": "model",
                    "model": "close_button"
                }
            },
            {
                "threshold": 13,
                "model": {
                    "type": "model",
                    "model": "checkmark"
                }
            },
            {
                "threshold": 14,
                "model": {
                    "type": "model",
                    "model": "gem"
                }
            },
            {
                "threshold": 15,
                "model": {
                    "type": "model",
                    "model": "coin"
                }
            },
            {
                "threshold": 16,
                "model": {
                    "type": "model",
                    "model": "spawner_key"
                }
            },
            {
                "threshold": 17,
                "model": {
                    "type": "model",
                    "model": "poses_button"
                }
            },
            {
                "threshold": 18,
                "model": {
                    "type": "model",
                    "model": "add"
                }
            },
            {
                "threshold": 19,
                "model": {
                    "type": "model",
                    "model": "remove"
                }
            },
            {
                "threshold": 20,
                "model": {
                    "type": "model",
                    "model": "discord_button"
                }
            },
            {
                "threshold": 21,
                "model": {
                    "type": "model",
                    "model": "epic_key"
                }
            },
            {
                "threshold": 22,
                "model": {
                    "type": "model",
                    "model": "deluxe_key"
                }
            },
            {
                "threshold": 23,
                "model": {
                    "type": "model",
                    "model": "master_key"
                }
            },
            {
                "threshold": 24,
                "model": {
                    "type": "model",
                    "model": "power_key"
                }
            },
            {
                "threshold": 25,
                "model": {
                    "type": "model",
                    "model": "vote_key"
                }
            },
            {
                "threshold": 26,
                "model": {
                    "type": "model",
                    "model": "switch_off"
                }
            },
            {
                "threshold": 27,
                "model": {
                    "type": "model",
                    "model": "switch_on"
                }
            },
            {
                "threshold": 28,
                "model": {
                    "type": "model",
                    "model": "rewards_button"
                }
            },
            {
                "threshold": 29,
                "model": {
                    "type": "model",
                    "model": "upgrades_button"
                }
            },
            {
                "threshold": 30,
                "model": {
                    "type": "model",
                    "model": "poses_button"
                }
            },
            {
                "threshold": 31,
                "model": {
                    "type": "model",
                    "model": "store_button"
                }
            },
            {
                "threshold": 32,
                "model": {
                    "type": "model",
                    "model": "tab_button_on"
                }
            },
            {
                "threshold": 33,
                "model": {
                    "type": "model",
                    "model": "tab_button_off"
                }
            },
            {
                "threshold": 34,
                "model": {
                    "type": "model",
                    "model": "bar_button_on"
                }
            },
            {
                "threshold": 35,
                "model": {
                    "type": "model",
                    "model": "bar_button_off"
                }
            },
            {
                "threshold": 37,
                "model": {
                    "type": "model",
                    "model": "red_left_button"
                }
            },
            {
                "threshold": 38,
                "model": {
                    "type": "model",
                    "model": "necromancer_key"
                }
            },
            {
                "threshold": 39,
                "model": {
                    "type": "model",
                    "model": "piglin_key"
                }
            },
            {
                "threshold": 40,
                "model": {
                    "type": "model",
                    "model": "alien_key"
                }
            },
            {
                "threshold": 41,
                "model": {
                    "type": "model",
                    "model": "void_key"
                }
            },
            {
                "threshold": 42,
                "model": {
                    "type": "model",
                    "model": "dungeon_key"
                }
            },
            {
                "threshold": 43,
                "model": {
                    "type": "model",
                    "model": "catacombs_key"
                }
            },
            {
                "threshold": 44,
                "model": {
                    "type": "model",
                    "model": "lostking_key"
                }
            },
            {
                "threshold": 46,
                "model": {
                    "type": "model",
                    "model": "resin_dna"
                }
            },
            {
                "threshold": 47,
                "model": {
                    "type": "model",
                    "model": "book_button_on"
                }
            },
            {
                "threshold": 48,
                "model": {
                    "type": "model",
                    "model": "book_button_off"
                }
            },
            {
                "threshold": 49,
                "model": {
                    "type": "model",
                    "model": "profile_button"
                }
            },
            {
                "threshold": 50,
                "model": {
                    "type": "model",
                    "model": "help_button"
                }
            },
            {
                "threshold": 51,
                "model": {
                    "type": "model",
                    "model": "amber_shard"
                }
            }
        ]
    }
}