{
    "model": {
        "type": "range_dispatch",
        "property": "custom_model_data",
        "fallback": {
            "type": "model",
            "model": "item/pig_spawn_egg"
        },
        "entries": [
            {
                "threshold": 1,
                "model": {
                    "type": "model",
                    "model": "cooking_pot"
                }
            },
            {
                "threshold": 2,
                "model": {
                    "type": "model",
                    "model": "triceratops_egg"
                }
            },
            {
                "threshold": 3,
                "model": {
                    "type": "model",
                    "model": "trex_egg"
                }
            },
            {
                "threshold": 4, 
                "model": {
                    "type": "model",
                    "model": "purussaurus_egg"
                }
            },
            {
                "threshold": 5,
                "model": {
                    "type": "model",
                    "model": "velociraptor_egg"
                }
            },
            {
                "threshold": 6,
                "model": {
                    "type": "model",
                    "model": "beelzebufo_egg"
                }
            },
            {
                "threshold": 7,
                "model": {
                    "type": "model",
                    "model": "dna_extractor"
                }
            },
            {
                "threshold": 8,
                "model": {
                    "type": "model",
                    "model": "inseminator"
                }
            },
            {
                "threshold": 9,
                "model": {
                    "type": "model",
                    "model": "titanosaurus_egg"
                }
            },
            {
                "threshold": 10,
                "model": {
                    "type": "model",
                    "model": "spinosaurus_egg"
                }
            }
        ]
    }
}
