{
    "model": {
        "type": "range_dispatch",
        "property": "custom_model_data",
        "fallback": {
            "type": "model", 
            "model": "item/totem_of_undying"
        },
        "entries": [
            {
                "threshold": 2,
                "model": {
                    "type": "model",
                    "model": "giant_talisman"
                }
            },
            {
                "threshold": 3,
                "model": {
                    "type": "model",
                    "model": "dwarf_talisman"
                }
            },
            {
                "threshold": 4,
                "model": {
                    "type": "model",
                    "model": "fire_talisman"
                }
            },
            {
                "threshold": 5,
                "model": {
                    "type": "model",
                    "model": "water_talisman"
                }
            },
            {
                "threshold": 6,
                "model": {
                    "type": "model",
                    "model": "wind_talisman"
                }
            },
            {
                "threshold": 7,
                "model": {
                    "type": "model",
                    "model": "rock_talisman"
                }
            },
            {
                "threshold": 8,
                "model": {
                    "type": "model",
                    "model": "thunder_talisman"
                }
            },
            {
                "threshold": 45,
                "model": {
                    "type": "model",
                    "model": "dominance_orb"
                }
            }
        ]
    }
}