{
    "model": {
        "type": "range_dispatch",
        "property": "custom_model_data",
        "fallback": {
            "type": "model",
            "model": "item/tropical_fish"
        },
        "entries": [
            {
                "threshold": 301,
                "model": {
                    "type": "model",
                    "model": "fish/rockfish"
                }
            },
            {
                "threshold": 312,
                "model": {
                    "type": "model",
                    "model": "fish/squid"
                }
            },
            {
                "threshold": 313,
                "model": {
                    "type": "model",
                    "model": "fish/jellyfish"
                }
            },
            {
                "threshold": 314,
                "model": {
                    "type": "model",
                    "model": "fish/goldfish"
                }
            },
            {
                "threshold": 303,
                "model": {
                    "type": "model",
                    "model": "fish/anchovy"
                }
            },
            {
                "threshold": 302,
                "model": {
                    "type": "model",
                    "model": "fish/red_mullet"
                }
            },
            {
                "threshold": 304,
                "model": {
                    "type": "model",
                    "model": "fish/haddock"
                }
            },
            {
                "threshold": 305,
                "model": {
                    "type": "model",
                    "model": "fish/bluefish"
                }
            },
            {
                "threshold": 306,
                "model": {
                    "type": "model",
                    "model": "fish/carp"
                }
            },
            {
                "threshold": 307,
                "model": {
                    "type": "model",
                    "model": "fish/silver_carp"
                }
            },
            {
                "threshold": 308,
                "model": {
                    "type": "model",
                    "model": "fish/grass_carp"
                }
            },
            {
                "threshold": 309,
                "model": {
                    "type": "model",
                    "model": "fish/koi_carp"
                }
            },
            {
                "threshold": 310,
                "model": {
                    "type": "model",
                    "model": "fish/black_carp"
                }
            },
            {
                "threshold": 311,
                "model": {
                    "type": "model",
                    "model": "fish/eel"
                }
            },
            {
                "threshold": 315,
                "model": {
                    "type": "model",
                    "model": "fish/glowing_jellyfish"
                }
            },
            {
                "threshold": 316,
                "model": {
                    "type": "model",
                    "model": "fish/trout"
                }
            },
            {
                "threshold": 317,
                "model": {
                    "type": "model",
                    "model": "fish/crab"
                }
            },
            {
                "threshold": 318,
                "model": {
                    "type": "model",
                    "model": "fish/clownfish"
                }
            },
            {
                "threshold": 319,
                "model": {
                    "type": "model",
                    "model": "fish/electric_eel"
                }
            },
            {
                "threshold": 320,
                "model": {
                    "type": "model",
                    "model": "fish/sunfish"
                }
            },
            {
                "threshold": 321,
                "model": {
                    "type": "model",
                    "model": "fish/tuna"
                }
            },
            {
                "threshold": 322,
                "model": {
                    "type": "model",
                    "model": "fish/starfish"
                }
            },
            {
                "threshold": 323,
                "model": {
                    "type": "model",
                    "model": "fish/tralalero"
                }
            },
            {
                "threshold": 324,
                "model": {
                    "type": "model",
                    "model": "fish/crayfish"
                }
            },
            {
                "threshold": 325,
                "model": {
                    "type": "model",
                    "model": "fish/stonefish"
                }
            },
            {
                "threshold": 326,
                "model": {
                    "type": "model",
                    "model": "fish/coinfish"
                }
            },
            {
                "threshold": 327,
                "model": {
                    "type": "model",
                    "model": "fish/gemfish"
                }
            },
            {
                "threshold": 328,
                "model": {
                    "type": "model",
                    "model": "fish/whiteshark"
                }
            },
            {
                "threshold": 329,
                "model": {
                    "type": "model",
                    "model": "fish/babybloop"
                }
            }
        ]
    }
}