{
    "model": {
        "type": "range_dispatch",
        "property": "custom_model_data",
        "fallback": {
            "type": "model",
            "model": "item/tropical_fish"
        },
        "entries": [
            {
                "threshold": 301,
                "model": {
                    "type": "model",
                    "model": "rockfish"
                }
            },
            {
                "threshold": 312,
                "model": {
                    "type": "model",
                    "model": "squid"
                }
            },
            {
                "threshold": 313,
                "model": {
                    "type": "model",
                    "model": "jellyfish"
                }
            },
            {
                "threshold": 314,
                "model": {
                    "type": "model",
                    "model": "goldfish"
                }
            },
            {
                "threshold": 303,
                "model": {
                    "type": "model",
                    "model": "anchovy"
                }
            },
            {
                "threshold": 302,
                "model": {
                    "type": "model",
                    "model": "red_mullet"
                }
            },
            {
                "threshold": 304,
                "model": {
                    "type": "model",
                    "model": "haddock"
                }
            },
            {
                "threshold": 305,
                "model": {
                    "type": "model",
                    "model": "bluefish"
                }
            },
            {
                "threshold": 306,
                "model": {
                    "type": "model",
                    "model": "carp"
                }
            },
            {
                "threshold": 307,
                "model": {
                    "type": "model",
                    "model": "silver_carp"
                }
            },
            {
                "threshold": 308,
                "model": {
                    "type": "model",
                    "model": "grass_carp"
                }
            },
            {
                "threshold": 309,
                "model": {
                    "type": "model",
                    "model": "koi_carp"
                }
            },
            {
                "threshold": 310,
                "model": {
                    "type": "model",
                    "model": "black_carp"
                }
            },
            {
                "threshold": 311,
                "model": {
                    "type": "model",
                    "model": "eel"
                }
            },
            {
                "threshold": 315,
                "model": {
                    "type": "model",
                    "model": "glowing_jellyfish"
                }
            },
            {
                "threshold": 316,
                "model": {
                    "type": "model",
                    "model": "trout"
                }
            },
            {
                "threshold": 317,
                "model": {
                    "type": "model",
                    "model": "crab"
                }
            },
            {
                "threshold": 318,
                "model": {
                    "type": "model",
                    "model": "clownfish"
                }
            },
            {
                "threshold": 319,
                "model": {
                    "type": "model",
                    "model": "electric_eel"
                }
            },
            {
                "threshold": 320,
                "model": {
                    "type": "model",
                    "model": "sunfish"
                }
            },
            {
                "threshold": 321,
                "model": {
                    "type": "model",
                    "model": "tuna"
                }
            },
            {
                "threshold": 322,
                "model": {
                    "type": "model",
                    "model": "starfish"
                }
            },
            {
                "threshold": 323,
                "model": {
                    "type": "model",
                    "model": "tralalero"
                }
            },
            {
                "threshold": 324,
                "model": {
                    "type": "model",
                    "model": "crayfish"
                }
            },
            {
                "threshold": 325,
                "model": {
                    "type": "model",
                    "model": "stonefish"
                }
            },
            {
                "threshold": 326,
                "model": {
                    "type": "model",
                    "model": "coinfish"
                }
            },
            {
                "threshold": 327,
                "model": {
                    "type": "model",
                    "model": "gemfish"
                }
            },
            {
                "threshold": 328,
                "model": {
                    "type": "model",
                    "model": "whiteshark"
                }
            },
            {
                "threshold": 329,
                "model": {
                    "type": "model",
                    "model": "babybloop"
                }
            }
        ]
    }
}