{
  "parent": "minecraft:item/generated",
  "textures": {
    "layer0": "minecraft:item/cooked_beef"
  },
  "overrides": [
    { "predicate": { "custom_model_data": 5 }, "model": "chicken_sandwich" },
    { "predicate": { "custom_model_data": 6 }, "model": "chocolate_bar" },
    { "predicate": { "custom_model_data": 7 }, "model": "cod_sandwich" },
    { "predicate": { "custom_model_data": 8 }, "model": "eggsteak" },
    { "predicate": { "custom_model_data": 9 }, "model": "fried_eggs" },
    { "predicate": { "custom_model_data": 10 }, "model": "ham_sandwich" },
    { "predicate": { "custom_model_data": 11 }, "model": "mutton_sandwich" },
    { "predicate": { "custom_model_data": 12 }, "model": "salmon_sandwich" },
    { "predicate": { "custom_model_data": 13 }, "model": "bacon_eggs" },
    { "predicate": { "custom_model_data": 14 }, "model": "beef_sandwich" },
    { "predicate": { "custom_model_data": 15 }, "model": "donut" }
  ]
}