{
  "parent": "minecraft:item/handheld",
  "textures": {
    "layer0": "minecraft:item/netherite_sword"
  },
  "overrides": [
    { "predicate": { "custom_model_data": 1211 }, "model": "soulscythe" },
    { "predicate": { "custom_model_data": 1212 }, "model": "deluxe_sword" },
    { "predicate": { "custom_model_data": 1213 }, "model": "firebrand" },
    { "predicate": { "custom_model_data": 1214 }, "model": "voidsword" },
    { "predicate": { "custom_model_data": 1215 }, "model": "power_sword" },
    { "predicate": { "custom_model_data": 1216 }, "model": "master_sword" },
    { "predicate": { "custom_model_data": 1217 }, "model": "zeekarian" },
    { "predicate": { "custom_model_data": 1218 }, "model": "zeekarian_fire" },
    { "predicate": { "custom_model_data": 1219 }, "model": "zeekarian_water" },
    { "predicate": { "custom_model_data": 1220 }, "model": "zeekarian_wind" },
    { "predicate": { "custom_model_data": 1221 }, "model": "zeekarian_rock" },
    { "predicate": { "custom_model_data": 1222 }, "model": "zeekarian_thunder" },
    { "predicate": { "custom_model_data": 1223 }, "model": "zeekarian_moon" },
    { "predicate": { "custom_model_data": 1224 }, "model": "zeekarian_sun" }
  ]
}