{
  "parent": "minecraft:item/generated",
  "textures": {
    "layer0": "minecraft:item/paper"
  },
  "overrides": [
    { "predicate": { "custom_model_data": 5 }, "model": "winged_chestplate" },
    { "predicate": { "custom_model_data": 6 }, "model": "diamond_apple" },
    { "predicate": { "custom_model_data": 7 }, "model": "cursed_apple" },
    { "predicate": { "custom_model_data": 8 }, "model": "relic_key" },
    { "predicate": { "custom_model_data": 12 }, "model": "close_button" },
    { "predicate": { "custom_model_data": 13 }, "model": "checkmark" },
    { "predicate": { "custom_model_data": 14 }, "model": "gem" },
    { "predicate": { "custom_model_data": 15 }, "model": "coin" },
    { "predicate": { "custom_model_data": 16 }, "model": "spawner_key" },
    { "predicate": { "custom_model_data": 17 }, "model": "poses_button" },
    { "predicate": { "custom_model_data": 18 }, "model": "add" },
    { "predicate": { "custom_model_data": 19 }, "model": "remove" },
    { "predicate": { "custom_model_data": 20 }, "model": "discord_button" },
    { "predicate": { "custom_model_data": 21 }, "model": "epic_key" },
    { "predicate": { "custom_model_data": 22 }, "model": "deluxe_key" },
    { "predicate": { "custom_model_data": 23 }, "model": "master_key" },
    { "predicate": { "custom_model_data": 24 }, "model": "power_key" },
    { "predicate": { "custom_model_data": 25 }, "model": "vote_key" },
    { "predicate": { "custom_model_data": 26 }, "model": "switch_off" },
    { "predicate": { "custom_model_data": 27 }, "model": "switch_on" },
    { "predicate": { "custom_model_data": 28 }, "model": "rewards_button" },
    { "predicate": { "custom_model_data": 29 }, "model": "upgrades_button" },
    { "predicate": { "custom_model_data": 30 }, "model": "poses_button" },
    { "predicate": { "custom_model_data": 31 }, "model": "store_button" },
    { "predicate": { "custom_model_data": 32 }, "model": "tab_button_on" },
    { "predicate": { "custom_model_data": 33 }, "model": "tab_button_off" },
    { "predicate": { "custom_model_data": 34 }, "model": "bar_button_on" },
    { "predicate": { "custom_model_data": 35 }, "model": "bar_button_off" },
    { "predicate": { "custom_model_data": 37 }, "model": "red_left_button" },
    { "predicate": { "custom_model_data": 38 }, "model": "necromancer_key" },
    { "predicate": { "custom_model_data": 39 }, "model": "piglin_key" },
    { "predicate": { "custom_model_data": 40 }, "model": "alien_key" },
    { "predicate": { "custom_model_data": 41 }, "model": "void_key" },
    { "predicate": { "custom_model_data": 42 }, "model": "dungeon_key" },
    { "predicate": { "custom_model_data": 43 }, "model": "catacombs_key" },
    { "predicate": { "custom_model_data": 44 }, "model": "lostking_key" },
    { "predicate": { "custom_model_data": 46 }, "model": "resin_dna" },
    { "predicate": { "custom_model_data": 47 }, "model": "book_button_on" },
    { "predicate": { "custom_model_data": 48 }, "model": "book_button_off" },
    { "predicate": { "custom_model_data": 49 }, "model": "profile_button" },
    { "predicate": { "custom_model_data": 50 }, "model": "help_button" },
    { "predicate": { "custom_model_data": 51 }, "model": "amber_shard" }
  ]
}