{
  "parent": "minecraft:item/template_spawn_egg",
  "textures": {
    "layer0": "minecraft:item/pig_spawn_egg"
  },
  "overrides": [
    { "predicate": { "custom_model_data": 1 }, "model": "cooking_pot" },
    { "predicate": { "custom_model_data": 2 }, "model": "triceratops_egg" },
    { "predicate": { "custom_model_data": 3 }, "model": "trex_egg" },
    { "predicate": { "custom_model_data": 4 }, "model": "purussaurus_egg" },
    { "predicate": { "custom_model_data": 5 }, "model": "velociraptor_egg" },
    { "predicate": { "custom_model_data": 6 }, "model": "beelzebufo_egg" },
    { "predicate": { "custom_model_data": 7 }, "model": "dna_extractor" },
    { "predicate": { "custom_model_data": 8 }, "model": "inseminator" },
    { "predicate": { "custom_model_data": 9 }, "model": "titanosaurus_egg" },
    { "predicate": { "custom_model_data": 10 }, "model": "spinosaurus_egg" }
  ]
}