{
  "parent": "minecraft:item/generated",
  "textures": {
    "layer0": "minecraft:item/totem_of_undying"
  },
  "overrides": [
    { "predicate": { "custom_model_data": 2 }, "model": "giant_talisman" },
    { "predicate": { "custom_model_data": 3 }, "model": "dwarf_talisman" },
    { "predicate": { "custom_model_data": 4 }, "model": "fire_talisman" },
    { "predicate": { "custom_model_data": 5 }, "model": "water_talisman" },
    { "predicate": { "custom_model_data": 6 }, "model": "wind_talisman" },
    { "predicate": { "custom_model_data": 7 }, "model": "rock_talisman" },
    { "predicate": { "custom_model_data": 8 }, "model": "thunder_talisman" },
    { "predicate": { "custom_model_data": 45 }, "model": "dominance_orb" }
  ]
}