{
  "parent": "minecraft:item/generated",
  "textures": {
    "layer0": "minecraft:item/tropical_fish"
  },
  "overrides": [
    { "predicate": { "custom_model_data": 301 }, "model": "rockfish" },
    { "predicate": { "custom_model_data": 302 }, "model": "red_mullet" },
    { "predicate": { "custom_model_data": 303 }, "model": "anchovy" },
    { "predicate": { "custom_model_data": 304 }, "model": "haddock" },
    { "predicate": { "custom_model_data": 305 }, "model": "bluefish" },
    { "predicate": { "custom_model_data": 306 }, "model": "carp" },
    { "predicate": { "custom_model_data": 307 }, "model": "silver_carp" },
    { "predicate": { "custom_model_data": 308 }, "model": "grass_carp" },
    { "predicate": { "custom_model_data": 309 }, "model": "koi_carp" },
    { "predicate": { "custom_model_data": 310 }, "model": "black_carp" },
    { "predicate": { "custom_model_data": 311 }, "model": "eel" },
    { "predicate": { "custom_model_data": 312 }, "model": "squid" },
    { "predicate": { "custom_model_data": 313 }, "model": "jellyfish" },
    { "predicate": { "custom_model_data": 314 }, "model": "goldfish" },
    { "predicate": { "custom_model_data": 315 }, "model": "glowing_jellyfish" },
    { "predicate": { "custom_model_data": 316 }, "model": "trout" },
    { "predicate": { "custom_model_data": 317 }, "model": "crab" },
    { "predicate": { "custom_model_data": 318 }, "model": "clownfish" },
    { "predicate": { "custom_model_data": 319 }, "model": "electric_eel" },
    { "predicate": { "custom_model_data": 320 }, "model": "sunfish" },
    { "predicate": { "custom_model_data": 321 }, "model": "tuna" },
    { "predicate": { "custom_model_data": 322 }, "model": "starfish" },
    { "predicate": { "custom_model_data": 323 }, "model": "tralalero" },
    { "predicate": { "custom_model_data": 324 }, "model": "crayfish" },
    { "predicate": { "custom_model_data": 325 }, "model": "stonefish" },
    { "predicate": { "custom_model_data": 326 }, "model": "coinfish" },
    { "predicate": { "custom_model_data": 327 }, "model": "gemfish" },
    { "predicate": { "custom_model_data": 328 }, "model": "whiteshark" },
    { "predicate": { "custom_model_data": 329 }, "model": "babybloop" }
  ]
}