{
    "model": {
        "type": "range_dispatch",
        "property": "custom_model_data",
        "fallback": {
            "type": "model",
            "model": "item/netherite_sword"
        },
        "entries": [
            {
                "threshold": 1211,
                "model": {
                    "type": "model",
                    "model": "dungeon_items/soulscythe"
                }
            },
            {
                "threshold": 1212,
                "model": {
                    "type": "model",
                    "model": "deluxe/deluxe_sword"
                }
            },
            {
                "threshold": 1213,
                "model": {
                    "type": "model",
                    "model": "dungeon_items/firebrand"
                }
            },
            {
                "threshold": 1214,
                "model": {
                    "type": "model",
                    "model": "dungeon_items/voidsword"
                }
            },
            {
                "threshold": 1215,
                "model": {
                    "type": "model",
                    "model": "power/power_sword"
                }
            },
            {
                "threshold": 1216,
                "model": {
                    "type": "model",
                    "model": "master/master_sword"
                }
            },
            {
                "threshold": 1217,
                "model": {
                    "type": "model",
                    "model": "zeekarian/zeekarian"
                }
            },
            {
                "threshold": 1218,
                "model": {
                    "type": "model",
                    "model": "zeekarian/zeekarian_fire"
                }
            },
            {
                "threshold": 1219,
                "model": {
                    "type": "model",
                    "model": "zeekarian/zeekarian_water"
                }
            },
            {
                "threshold": 1220,
                "model": {
                    "type": "model",
                    "model": "zeekarian/zeekarian_wind"
                }
            },
            {
                "threshold": 1221,
                "model": {
                    "type": "model",
                    "model": "zeekarian/zeekarian_rock"
                }
            },
            {
                "threshold": 1222,
                "model": {
                    "type": "model",
                    "model": "zeekarian/zeekarian_thunder"
                }
            },
            {
                "threshold": 1223,
                "model": {
                    "type": "model",
                    "model": "zeekarian/zeekarian_moon"
                }
            },
            {
                "threshold": 1224,
                "model": {
                    "type": "model",
                    "model": "zeekarian/zeekarian_sun"
                }
            }
        ]
    }
}