{
	"format_version": "1.21.6",
	"credit": "Made with Blockbench",
	"texture_size": [64, 64],
	"textures": {
		"0": "item/dungeon_key/catacombs_key_a",
		"3": "item/dungeon_key/catacombs_key",
		"particle": "item/dungeon_key/catacombs_key_a"
	},
	"elements": [
		{
			"from": [4, 6, 3],
			"to": [12, 14, 11],
			"faces": {
				"north": {"uv": [0, 0, 16, 16], "texture": "#0"},
				"east": {"uv": [2.25, 2, 4.25, 4], "texture": "#3"},
				"south": {"uv": [2.25, 4, 4.25, 6], "texture": "#3"},
				"west": {"uv": [4.25, 0, 6.25, 2], "texture": "#3"},
				"up": {"uv": [6.25, 4, 4.25, 2], "texture": "#3"},
				"down": {"uv": [6.25, 4, 4.25, 6], "texture": "#3"}
			}
		},
		{
			"from": [7, 14, 6],
			"to": [9, 22, 8],
			"faces": {
				"north": {"uv": [0, 4.5, 0.5, 6.5], "texture": "#3"},
				"east": {"uv": [0.5, 4.5, 1, 6.5], "texture": "#3"},
				"south": {"uv": [1, 4.5, 1.5, 6.5], "texture": "#3"},
				"west": {"uv": [1.5, 4.5, 2, 6.5], "texture": "#3"},
				"up": {"uv": [6.75, 3, 6.25, 2.5], "texture": "#3"},
				"down": {"uv": [6.75, 3, 6.25, 3.5], "texture": "#3"}
			}
		},
		{
			"from": [5, 20.3, 6],
			"to": [7, 21.7, 8],
			"faces": {
				"north": {"uv": [4.25, 6.25, 4.75, 6.5], "texture": "#3"},
				"east": {"uv": [6.25, 4.5, 6.75, 4.75], "texture": "#3"},
				"south": {"uv": [4.75, 6.25, 5.25, 6.5], "texture": "#3"},
				"west": {"uv": [6.25, 4.75, 6.75, 5], "texture": "#3"},
				"up": {"uv": [3.75, 6.75, 3.25, 6.25], "texture": "#3"},
				"down": {"uv": [6.75, 3.5, 6.25, 4], "texture": "#3"}
			}
		},
		{
			"from": [5, 18.3, 6],
			"to": [7, 19.7, 8],
			"faces": {
				"north": {"uv": [6.25, 5, 6.75, 5.25], "texture": "#3"},
				"east": {"uv": [5.25, 6.25, 5.75, 6.5], "texture": "#3"},
				"south": {"uv": [6.25, 5.25, 6.75, 5.5], "texture": "#3"},
				"west": {"uv": [6.25, 5.5, 6.75, 5.75], "texture": "#3"},
				"up": {"uv": [4.25, 6.75, 3.75, 6.25], "texture": "#3"},
				"down": {"uv": [6.75, 4, 6.25, 4.5], "texture": "#3"}
			}
		},
		{
			"from": [9, 1, 6],
			"to": [11, 6, 6],
			"rotation": {"angle": 45, "axis": "x", "origin": [10, 5.25, 7.175]},
			"faces": {
				"north": {"uv": [2, 6, 2.5, 7.25], "texture": "#3"},
				"east": {"uv": [0, 0, 0, 1.25], "texture": "#3"},
				"south": {"uv": [2, 6, 2.5, 7.25], "texture": "#3"},
				"west": {"uv": [0, 0, 0, 1.25], "texture": "#3"},
				"up": {"uv": [0, 0, 0.75, 0], "texture": "#3"},
				"down": {"uv": [0, 0, 0.75, 0], "texture": "#3"}
			}
		},
		{
			"from": [8.5, 1, 2.7],
			"to": [11.5, 1, 6],
			"rotation": {"angle": 45, "axis": "x", "origin": [10, 5.25, 7.175]},
			"faces": {
				"north": {"uv": [0, 0, 0.75, 0], "texture": "#3"},
				"east": {"uv": [0, 0, 0.75, 0], "texture": "#3"},
				"south": {"uv": [0, 0, 0.75, 0], "texture": "#3"},
				"west": {"uv": [0, 0, 0.75, 0], "texture": "#3"},
				"up": {"uv": [2.5, 6, 3.25, 6.75], "texture": "#3"},
				"down": {"uv": [2.5, 6, 3.25, 6.75], "texture": "#3"}
			}
		},
		{
			"from": [4.5, 1, 2.7],
			"to": [7.5, 1, 6],
			"rotation": {"angle": 45, "axis": "x", "origin": [10, 5.25, 7.175]},
			"faces": {
				"north": {"uv": [0, 0, 0.75, 0], "texture": "#3"},
				"east": {"uv": [0, 0, 0.75, 0], "texture": "#3"},
				"south": {"uv": [0, 0, 0.75, 0], "texture": "#3"},
				"west": {"uv": [0, 0, 0.75, 0], "texture": "#3"},
				"up": {"uv": [3.25, 6.75, 2.5, 6], "texture": "#3"},
				"down": {"uv": [2.5, 6, 3.25, 6.75], "texture": "#3"}
			}
		},
		{
			"from": [5, 1, 6],
			"to": [7, 6, 6],
			"rotation": {"angle": 45, "axis": "x", "origin": [10, 5.25, 7.175]},
			"faces": {
				"north": {"uv": [2, 6, 2.5, 7.25], "texture": "#3"},
				"east": {"uv": [0, 0, 0, 1.25], "texture": "#3"},
				"south": {"uv": [2, 6, 2.5, 7.25], "texture": "#3"},
				"west": {"uv": [0, 0, 0, 1.25], "texture": "#3"},
				"up": {"uv": [0, 0, 0.75, 0], "texture": "#3"},
				"down": {"uv": [0, 0, 0.75, 0], "texture": "#3"}
			}
		},
		{
			"from": [3.392, 14.36992, 2.5832],
			"to": [12.3776, 14.74432, 11.5688],
			"rotation": {"angle": 0, "axis": "y", "origin": [2.0816, 9.3904, 1.2728]},
			"faces": {
				"north": {"uv": [3.25, 6, 5.5, 6.25], "texture": "#3"},
				"east": {"uv": [3.25, 6, 5.5, 6.25], "texture": "#3"},
				"south": {"uv": [3.25, 6, 5.5, 6.25], "texture": "#3"},
				"west": {"uv": [3.25, 6, 5.5, 6.25], "texture": "#3"},
				"up": {"uv": [2.25, 2.25, 0, 0], "texture": "#3"},
				"down": {"uv": [2.25, 2.25, 0, 4.5], "texture": "#3"}
			}
		},
		{
			"from": [3.392, 8.6416, 2.5832],
			"to": [12.3776, 9.016, 11.5688],
			"rotation": {"angle": 0, "axis": "y", "origin": [2.0816, 0.0304, 1.2728]},
			"faces": {
				"north": {"uv": [5.5, 6, 7.75, 6.25], "texture": "#3"},
				"east": {"uv": [5.5, 6, 7.75, 6.25], "texture": "#3"},
				"south": {"uv": [5.5, 6, 7.75, 6.25], "texture": "#3"},
				"west": {"uv": [5.5, 6, 7.75, 6.25], "texture": "#3"},
				"up": {"uv": [0, 2.25, 2.25, 4.5], "texture": "#3"},
				"down": {"uv": [0, 2.25, 2.25, 4.5], "texture": "#3"}
			}
		},
		{
			"from": [3.392, 5.75872, 11.5688],
			"to": [12.3776, 14.74432, 11.756],
			"rotation": {"angle": 0, "axis": "y", "origin": [2.0816, 9.016, 2.9576]},
			"faces": {
				"north": {"uv": [0, 0, 2.25, 2.25], "texture": "#3"},
				"east": {"uv": [6.25, 0, 6.5, 2.25], "texture": "#3"},
				"south": {"uv": [0, 0, 2.25, 2.25], "texture": "#3"},
				"west": {"uv": [6.25, 0, 6.5, 2.25], "texture": "#3"},
				"up": {"uv": [8.5, 2.5, 6.25, 2.25], "texture": "#3"},
				"down": {"uv": [8.5, 2.25, 6.25, 2.5], "texture": "#3"}
			}
		},
		{
			"from": [3.31712, 5.75872, 2.5832],
			"to": [3.50432, 14.74432, 11.5688],
			"rotation": {"angle": 0, "axis": "y", "origin": [10.58048, 9.016, 1.2728]},
			"faces": {
				"north": {"uv": [6.25, 0, 6.5, 2.25], "texture": "#3"},
				"east": {"uv": [0, 0, 2.25, 2.25], "texture": "#3"},
				"south": {"uv": [6.25, 0, 6.5, 2.25], "texture": "#3"},
				"west": {"uv": [0, 0, 2.25, 2.25], "texture": "#3"},
				"up": {"uv": [8.5, 2.5, 6.25, 2.25], "texture": "#3"},
				"down": {"uv": [8.5, 2.25, 6.25, 2.5], "texture": "#3"}
			}
		},
		{
			"from": [3.392, 5.75872, 2.50832],
			"to": [12.3776, 14.74432, 2.69552],
			"rotation": {"angle": 0, "axis": "y", "origin": [10.6928, 9.016, 9.77168]},
			"faces": {
				"north": {"uv": [0, 0, 2.25, 2.25], "texture": "#3"},
				"east": {"uv": [6.25, 0, 6.5, 2.25], "texture": "#3"},
				"south": {"uv": [0, 0, 2.25, 2.25], "texture": "#3"},
				"west": {"uv": [6.25, 0, 6.5, 2.25], "texture": "#3"},
				"up": {"uv": [8.5, 2.5, 6.25, 2.25], "texture": "#3"},
				"down": {"uv": [8.5, 2.25, 6.25, 2.5], "texture": "#3"}
			}
		},
		{
			"from": [12.34016, 5.75872, 2.5832],
			"to": [12.52736, 14.74432, 11.5688],
			"rotation": {"angle": 0, "axis": "y", "origin": [3.72896, 9.016, 9.884]},
			"faces": {
				"north": {"uv": [6.25, 0, 6.5, 2.25], "texture": "#3"},
				"east": {"uv": [0, 0, 2.25, 2.25], "texture": "#3"},
				"south": {"uv": [6.25, 0, 6.5, 2.25], "texture": "#3"},
				"west": {"uv": [0, 0, 2.25, 2.25], "texture": "#3"},
				"up": {"uv": [8.5, 2.5, 6.25, 2.25], "texture": "#3"},
				"down": {"uv": [8.5, 2.25, 6.25, 2.5], "texture": "#3"}
			}
		}
	],
	"display": {
		"thirdperson_righthand": {
			"rotation": [58.75, 0, 0],
			"translation": [0, 0.75, 1],
			"scale": [0.55, 0.55, 0.55]
		},
		"thirdperson_lefthand": {
			"rotation": [58.75, 0, 0],
			"translation": [0, 0.75, 1],
			"scale": [0.55, 0.55, 0.55]
		},
		"firstperson_righthand": {
			"rotation": [158.92, 38.86, 176.4],
			"translation": [2.25, 1.6, 0.8],
			"scale": [0.5, 0.5, 0.5]
		},
		"firstperson_lefthand": {
			"rotation": [158.92, 38.86, 176.4],
			"translation": [2.25, 1.6, 0.8],
			"scale": [0.5, 0.5, 0.5]
		},
		"ground": {
			"translation": [0, 2, 0],
			"scale": [0.5, 0.5, 0.5]
		},
		"gui": {
			"rotation": [30, -135, 0],
			"translation": [0, -1.5, 0],
			"scale": [0.625, 0.625, 0.625]
		},
		"head": {
			"rotation": [0, 31.75, 0],
			"translation": [-4.75, 8.25, -4]
		},
		"fixed": {
			"rotation": [-67, 0, 0],
			"translation": [0, 0, -4],
			"scale": [1.5, 1.5, 1.5]
		}
	},
	"groups": [
		0,
		{
			"name": "group",
			"origin": [10, 5.25, 7.175],
			"color": 0,
			"children": [1, 2, 3, 4, 5, 6, 7]
		},
		{
			"name": "group3",
			"origin": [-7, 3.4, -7],
			"color": 0,
			"children": [8, 9, 10, 11, 12, 13]
		}
	]
}