{
	"format_version": "1.21.6",
	"credit": "Made with Blockbench",
	"texture_size": [64, 64],
	"textures": {
		"4": "item/dungeon_key/lostking_key"
	},
	"elements": [
		{
			"from": [4, 6, 3],
			"to": [12, 14, 11],
			"faces": {
				"north": {"uv": [8, 0, 10, 2], "texture": "#4"},
				"east": {"uv": [4.25, 0, 6.25, 2], "texture": "#4"},
				"south": {"uv": [4.25, 0, 6.25, 2], "texture": "#4"},
				"west": {"uv": [4.25, 0, 6.25, 2], "texture": "#4"},
				"up": {"uv": [4.25, 0, 6.25, 2], "texture": "#4"},
				"down": {"uv": [4.25, 0, 6.25, 2], "texture": "#4"}
			}
		},
		{
			"from": [7, 14, 6],
			"to": [9, 22, 8],
			"faces": {
				"north": {"uv": [6, 6, 6.5, 8], "texture": "#4"},
				"east": {"uv": [6.25, 0, 6.75, 2], "texture": "#4"},
				"south": {"uv": [2, 6.25, 2.5, 8.25], "texture": "#4"},
				"west": {"uv": [6.25, 2, 6.75, 4], "texture": "#4"},
				"up": {"uv": [4.25, 6.75, 3.75, 6.25], "texture": "#4"},
				"down": {"uv": [4.75, 6.25, 4.25, 6.75], "texture": "#4"}
			}
		},
		{
			"from": [5, 20.3, 6],
			"to": [7, 21.7, 8],
			"faces": {
				"north": {"uv": [4.25, 4, 4.75, 4.25], "texture": "#4"},
				"east": {"uv": [4.75, 4, 5.25, 4.25], "texture": "#4"},
				"south": {"uv": [5.25, 4, 5.75, 4.25], "texture": "#4"},
				"west": {"uv": [6.75, 0, 7.25, 0.25], "texture": "#4"},
				"up": {"uv": [5.25, 6.75, 4.75, 6.25], "texture": "#4"},
				"down": {"uv": [5.75, 6.25, 5.25, 6.75], "texture": "#4"}
			}
		},
		{
			"from": [5, 18.3, 6],
			"to": [7, 19.7, 8],
			"faces": {
				"north": {"uv": [6.75, 0.25, 7.25, 0.5], "texture": "#4"},
				"east": {"uv": [6.75, 0.5, 7.25, 0.75], "texture": "#4"},
				"south": {"uv": [6.75, 0.75, 7.25, 1], "texture": "#4"},
				"west": {"uv": [6.75, 1, 7.25, 1.25], "texture": "#4"},
				"up": {"uv": [7, 6.5, 6.5, 6], "texture": "#4"},
				"down": {"uv": [7, 6.5, 6.5, 7], "texture": "#4"}
			}
		},
		{
			"from": [9, 1, 6],
			"to": [11, 6, 6],
			"rotation": {"angle": 45, "axis": "x", "origin": [10, 5.25, 7.175]},
			"faces": {
				"north": {"uv": [2.5, 6.25, 3, 7.5], "texture": "#4"},
				"east": {"uv": [0, 0, 0, 1.25], "texture": "#4"},
				"south": {"uv": [2.5, 6.25, 3, 7.5], "texture": "#4"},
				"west": {"uv": [0, 0, 0, 1.25], "texture": "#4"},
				"up": {"uv": [0.5, 0, 0, 0], "texture": "#4"},
				"down": {"uv": [0.5, 0, 0, 0], "texture": "#4"}
			}
		},
		{
			"from": [8.5, 1, 2.7],
			"to": [11.5, 1, 6],
			"rotation": {"angle": 45, "axis": "x", "origin": [10, 5.25, 7.175]},
			"faces": {
				"north": {"uv": [0, 0, 0.5, 0], "texture": "#4"},
				"east": {"uv": [0, 0, 0.5, 0], "texture": "#4"},
				"south": {"uv": [0, 0, 0.5, 0], "texture": "#4"},
				"west": {"uv": [0, 0, 0.5, 0], "texture": "#4"},
				"up": {"uv": [3.75, 7, 3, 6.25], "texture": "#4"},
				"down": {"uv": [3.75, 6.25, 3, 7], "texture": "#4"}
			}
		},
		{
			"from": [4.5, 1, 2.7],
			"to": [7.5, 1, 6],
			"rotation": {"angle": 45, "axis": "x", "origin": [10, 5.25, 7.175]},
			"faces": {
				"north": {"uv": [0, 0, 0.5, 0], "texture": "#4"},
				"east": {"uv": [0, 0, 0.5, 0], "texture": "#4"},
				"south": {"uv": [0, 0, 0.5, 0], "texture": "#4"},
				"west": {"uv": [0, 0, 0.5, 0], "texture": "#4"},
				"up": {"uv": [3.75, 7, 3, 6.25], "texture": "#4"},
				"down": {"uv": [3.75, 6.25, 3, 7], "texture": "#4"}
			}
		},
		{
			"from": [5, 1, 6],
			"to": [7, 6, 6],
			"rotation": {"angle": 45, "axis": "x", "origin": [10, 5.25, 7.175]},
			"faces": {
				"north": {"uv": [2.5, 6.25, 3, 7.5], "texture": "#4"},
				"east": {"uv": [0, 0, 0, 1.25], "texture": "#4"},
				"south": {"uv": [2.5, 6.25, 3, 7.5], "texture": "#4"},
				"west": {"uv": [0, 0, 0, 1.25], "texture": "#4"},
				"up": {"uv": [0.5, 0, 0, 0], "texture": "#4"},
				"down": {"uv": [0.5, 0, 0, 0], "texture": "#4"}
			}
		},
		{
			"from": [3.8225, 6.6, 2.3944],
			"to": [12.0225, 15, 11.0944],
			"rotation": {"angle": 0, "axis": "y", "origin": [5.1625, 11.79806, 3.1344]},
			"faces": {
				"north": {"uv": [2.25, 2.25, 4.25, 4.25], "texture": "#4"},
				"east": {"uv": [0, 0, 2.25, 2], "texture": "#4"},
				"south": {"uv": [0, 4, 2, 6], "texture": "#4"},
				"west": {"uv": [0, 2, 2.25, 4], "texture": "#4"},
				"up": {"uv": [4.25, 2.25, 2.25, 0], "texture": "#4"}
			}
		}
	],
	"display": {
		"thirdperson_righthand": {
			"rotation": [58.75, 0, 0],
			"translation": [0, 0.75, 1],
			"scale": [0.55, 0.55, 0.55]
		},
		"thirdperson_lefthand": {
			"rotation": [58.75, 0, 0],
			"translation": [0, 0.75, 1],
			"scale": [0.55, 0.55, 0.55]
		},
		"firstperson_righthand": {
			"rotation": [158.92, 38.86, 176.4],
			"translation": [2.25, 1.6, 0.8],
			"scale": [0.5, 0.5, 0.5]
		},
		"firstperson_lefthand": {
			"rotation": [158.92, 38.86, 176.4],
			"translation": [2.25, 1.6, 0.8],
			"scale": [0.5, 0.5, 0.5]
		},
		"ground": {
			"translation": [0, 2, 0],
			"scale": [0.5, 0.5, 0.5]
		},
		"gui": {
			"rotation": [30, -135, 0],
			"translation": [0, -1.5, 0],
			"scale": [0.625, 0.625, 0.625]
		},
		"head": {
			"rotation": [0, 31.75, 0],
			"translation": [-4.75, 8.25, -4]
		},
		"fixed": {
			"rotation": [-67, 0, 0],
			"translation": [0, 0, -4],
			"scale": [1.5, 1.5, 1.5]
		}
	},
	"groups": [
		0,
		{
			"name": "group",
			"origin": [10, 5.25, 7.175],
			"color": 0,
			"children": [1, 2, 3, 4, 5, 6, 7, 8]
		}
	]
}