{
	"custom.safari.elephant" : {
		"sounds":[
			"custom/africansafari/elephant_1",
			"custom/africansafari/elephant_2"
				]
	},
	"custom.safari.lion" : {
		"sounds":[
			"custom/africansafari/lion"
				]
	},
	"custom.iceage.mammoth" : {
		"sounds":[
			"custom/iceage/mammoth_1",
			"custom/iceage/mammoth_2"
				]
	},
	"custom.magmammoth.ambient" : {
		"sounds":[
			"custom/magmammoth/ambient_1",
			"custom/magmammoth/ambient_2"
				]
	},
	"custom.magmammoth.roar" : {
		"sounds":[
			"custom/magmammoth/roar"
				]
	},

	"custom.dinosaur.ambient" : {
		"sounds":[
			"custom/dinosaur/ambient"
				]
	},
	"custom.dinosaur.roar" : {
		"sounds":[
			"custom/dinosaur/roar"
				] 
	},
	"custom.dinosaur.roar2" : {
		"sounds":[
			"custom/dinosaur/roar_2"
				]
	},
	"custom.dinosaur.roar3" : {
		"sounds":[
			"custom/dinosaur/roar_3"
				]
	},
	"custom.dinosaur.roar4" : {
		"sounds":[
			"custom/dinosaur/roar_4"
				]
	},
	"custom.safari.hyena" : {
		"sounds":[
			"custom/africansafari/hyena"
				]
	},

	"custom.safari.giraffe" : {
		"sounds":[
			"custom/africansafari/giraffe"
				]
	}
	
}