{"model":{"models":[{"model":"modelengine:glyptodon/tail_hammer","tints":[{"index":0,"default":16777215,"type":"minecraft:custom_model_data"}],"type":"minecraft:model"},{"model":"modelengine:glyptodon/tail_hammer/1","tints":[{"index":0,"default":16777215,"type":"minecraft:custom_model_data"}],"type":"minecraft:model"},{"model":"modelengine:glyptodon/tail_hammer/2","tints":[{"index":0,"default":16777215,"type":"minecraft:custom_model_data"}],"type":"minecraft:model"},{"model":"modelengine:glyptodon/tail_hammer/3","tints":[{"index":0,"default":16777215,"type":"minecraft:custom_model_data"}],"type":"minecraft:model"},{"model":"modelengine:glyptodon/tail_hammer/4","tints":[{"index":0,"default":16777215,"type":"minecraft:custom_model_data"}],"type":"minecraft:model"},{"model":"modelengine:glyptodon/tail_hammer/5","tints":[{"index":0,"default":16777215,"type":"minecraft:custom_model_data"}],"type":"minecraft:model"},{"model":"modelengine:glyptodon/tail_hammer/6","tints":[{"index":0,"default":16777215,"type":"minecraft:custom_model_data"}],"type":"minecraft:model"},{"model":"modelengine:glyptodon/tail_hammer/7","tints":[{"index":0,"default":16777215,"type":"minecraft:custom_model_data"}],"type":"minecraft:model"}],"type":"minecraft:composite"}}