{
    "paper": [
        {
            "custom_model_data": 8,
            "sprite": "textures/item_icons/relic_key"
        },
        {
            "custom_model_data": 16,
            "sprite": "textures/item_icons/spawner_key"
        },
        {
            "custom_model_data": 21,
            "sprite": "textures/item_icons/epic_key"
        },
        {
            "custom_model_data": 22,
            "sprite": "textures/item_icons/deluxe_key"
        },
        {
            "custom_model_data": 23,
            "sprite": "textures/item_icons/master_key"
        },
        {
            "custom_model_data": 24,
            "sprite": "textures/item_icons/power_key"
        },
        {
            "custom_model_data": 25,
            "sprite": "textures/item_icons/vote_key"
        },
        {
            "custom_model_data": 38,
            "sprite": "textures/item_icons/necromancer_key"
        },
        {
            "custom_model_data": 39,
            "sprite": "textures/item_icons/piglin_key"
        },
        {
            "custom_model_data": 40,
            "sprite": "textures/item_icons/alien_key"
        },
        {
            "custom_model_data": 41,
            "sprite": "textures/item_icons/void_key"
        },
        {
            "custom_model_data": 42,
            "sprite": "textures/item_icons/dungeon_key"
        },
        {
            "custom_model_data": 43,
            "sprite": "textures/item_icons/catacombs_key"
        },
        {
            "custom_model_data": 44,
            "sprite": "textures/item_icons/lostking_key"
        }
    ],
    "totem_of_undying": [
        {
            "custom_model_data": 45,
            "sprite": "textures/item_icons/dominance_orb"
        }
    ],    
    "book": [
        {
            "custom_model_data": 12,
            "sprite": "textures/item_icons/player_book"
        }
    ],    
    "pig_spawn_egg": [
        {
            "custom_model_data": 1,
            "sprite": "textures/item_icons/cooking_pot"
        },
        {
            "custom_model_data": 7,
            "sprite": "textures/item_icons/dna_extractor"
        },
        {
            "custom_model_data": 8,
            "sprite": "textures/item_icons/inseminator"
        }
    ]          
}    
