{
   "providers":[
      {
         "type":"reference",
         "id":"custom_ui:icons"
      },
      {
         "type":"reference",
         "id":"custom_ui:rank_tags"
      },
      {
         "type":"reference",
         "id":"custom_ui:tier_tags"
      },
      {
         "type":"reference",
         "id":"custom_ui:other_tags"
      },
      {
         "type":"reference",
         "id":"custom_ui:nationtags"
      },
      {
         "type":"reference",
         "id":"custom_ui:gui_menus"
      },
      {
         "type":"reference",
         "id":"custom_ui:screens"
      },
      {
         "type":"reference",
         "id":"kthirst:kthirst"
      },
      {
         "type":"reference",
         "id":"custom_ui:custom_escape_menu"
      },
      {
         "type":"reference",
         "id":"custom_ui:titles"
      }
   ]
}