{
	"format_version": "1.21.6",
	"credit": "Made by LOMPASHIK",
	"texture_size": [32, 32],
	"textures": {
		"1": "item/dungeon_key/dominance_orb",
		"particle": "item/dungeon_key/dominance_orb"
	},
	"elements": [
		{
			"from": [4, 6, 3],
			"to": [12, 14, 11],
			"faces": {
				"north": {"uv": [0, 0, 16, 16], "texture": "#1"},
				"east": {"uv": [0, 0, 16, 16], "texture": "#1"},
				"south": {"uv": [0, 0, 16, 16], "texture": "#1"},
				"west": {"uv": [0, 0, 16, 16], "texture": "#1"},
				"up": {"uv": [0, 0, 16, 16], "texture": "#1"},
				"down": {"uv": [0, 0, 16, 16], "texture": "#1"}
			}
		}
	],
	"display": {
		"thirdperson_righthand": {
			"rotation": [104.11, 32.34, -21.67],
			"translation": [0, 5.5, 4.5],
			"scale": [0.55, 0.55, 0.55]
		},
		"thirdperson_lefthand": {
			"rotation": [104.11, 32.34, -21.67],
			"translation": [0, 5.5, 4.5],
			"scale": [0.55, 0.55, 0.55]
		},
		"firstperson_righthand": {
			"rotation": [158.92, 38.86, 176.4],
			"translation": [2.25, 1.6, 0.8],
			"scale": [0.5, 0.5, 0.5]
		},
		"firstperson_lefthand": {
			"rotation": [158.92, 38.86, 176.4],
			"translation": [2.25, 1.6, 0.8],
			"scale": [0, 0, 0]
		},
		"ground": {
			"translation": [0, 2, 0],
			"scale": [0.75, 0.75, 0.75]
		},
		"gui": {
			"rotation": [-152.64, -39.69, 176.11],
			"translation": [-0.75, -1.75, 0],
			"scale": [1.25, 1.25, 1.25]
		},
		"head": {
			"rotation": [26.5, 0, 0],
			"translation": [0.25, 5, -5.75],
			"scale": [0.5, 0.5, 0.5]
		},
		"fixed": {
			"rotation": [-67, 0, 0],
			"translation": [0, 0, -4],
			"scale": [1.5, 1.5, 1.5]
		}
	}
}