{
	"format_version": "1.21.6",
	"credit": "Made with Blockbench",
	"texture_size": [64, 64],
	"textures": {
		"1": "item/dungeon_key/void_key",
		"particle": "item/dungeon_key/void_key"
	},
	"elements": [
		{
			"from": [7, 14, 6],
			"to": [9, 22, 8],
			"faces": {
				"north": {"uv": [8.5, 2.25, 9, 4.25], "texture": "#1"},
				"east": {"uv": [8.5, 2.25, 9, 4.25], "texture": "#1"},
				"south": {"uv": [8.5, 2.25, 9, 4.25], "texture": "#1"},
				"west": {"uv": [8.5, 2.25, 9, 4.25], "texture": "#1"},
				"up": {"uv": [9, 4.25, 8.5, 2.25], "texture": "#1"},
				"down": {"uv": [9, 2.25, 8.5, 4.25], "texture": "#1"}
			}
		},
		{
			"from": [5, 20.3, 6],
			"to": [7, 21.7, 8],
			"faces": {
				"north": {"uv": [8.5, 2.25, 9, 4.25], "texture": "#1"},
				"east": {"uv": [8.5, 2.25, 9, 4.25], "texture": "#1"},
				"south": {"uv": [8.5, 2.25, 9, 4.25], "texture": "#1"},
				"west": {"uv": [8.5, 2.25, 9, 4.25], "texture": "#1"},
				"up": {"uv": [9, 4.25, 8.5, 2.25], "texture": "#1"},
				"down": {"uv": [9, 2.25, 8.5, 4.25], "texture": "#1"}
			}
		},
		{
			"from": [5, 18.3, 6],
			"to": [7, 19.7, 8],
			"faces": {
				"north": {"uv": [8.5, 2.25, 9, 4.25], "texture": "#1"},
				"east": {"uv": [8.5, 2.25, 9, 4.25], "texture": "#1"},
				"south": {"uv": [8.5, 2.25, 9, 4.25], "texture": "#1"},
				"west": {"uv": [8.5, 2.25, 9, 4.25], "texture": "#1"},
				"up": {"uv": [9, 4.25, 8.5, 2.25], "texture": "#1"},
				"down": {"uv": [9, 2.25, 8.5, 4.25], "texture": "#1"}
			}
		},
		{
			"from": [9, 1, 6],
			"to": [11, 6, 6],
			"rotation": {"angle": 45, "axis": "x", "origin": [10, 5.25, 7.175]},
			"faces": {
				"north": {"uv": [8.75, 0, 9.25, 1.25], "texture": "#1"},
				"east": {"uv": [0, 0, 0, 1.25], "texture": "#1"},
				"south": {"uv": [0, 0, 0, 1.25], "texture": "#1"},
				"west": {"uv": [0, 0, 0, 1.25], "texture": "#1"},
				"up": {"uv": [0, 1.25, 0, 0], "texture": "#1"},
				"down": {"uv": [0, 0, 0, 1.25], "texture": "#1"}
			}
		},
		{
			"from": [4.5, 1, 2.7],
			"to": [7.5, 1, 6],
			"rotation": {"angle": 45, "axis": "x", "origin": [6, 5.25, 7.175]},
			"faces": {
				"north": {"uv": [8.75, 0, 9.25, 1.25], "texture": "#1"},
				"east": {"uv": [8.75, 0, 9.25, 1.25], "texture": "#1"},
				"south": {"uv": [8.75, 0, 9.25, 1.25], "texture": "#1"},
				"west": {"uv": [8.75, 0, 9.25, 1.25], "texture": "#1"},
				"up": {"uv": [9.25, 1.25, 8.75, 0], "texture": "#1"},
				"down": {"uv": [9.25, 0, 8.75, 1.25], "texture": "#1"}
			}
		},
		{
			"from": [8.5, 1, 2.7],
			"to": [11.5, 1, 6],
			"rotation": {"angle": 45, "axis": "x", "origin": [10, 5.25, 7.175]},
			"faces": {
				"north": {"uv": [8.75, 0, 9.25, 1.25], "texture": "#1"},
				"east": {"uv": [8.75, 0, 9.25, 1.25], "texture": "#1"},
				"south": {"uv": [8.75, 0, 9.25, 1.25], "texture": "#1"},
				"west": {"uv": [8.75, 0, 9.25, 1.25], "texture": "#1"},
				"up": {"uv": [9.25, 1.25, 8.75, 0], "texture": "#1"},
				"down": {"uv": [9.25, 0, 8.75, 1.25], "texture": "#1"}
			}
		},
		{
			"from": [5, 1, 6],
			"to": [7, 6, 6],
			"rotation": {"angle": 45, "axis": "x", "origin": [10, 5.25, 7.175]},
			"faces": {
				"north": {"uv": [8.75, 0, 9.25, 1.25], "texture": "#1"},
				"east": {"uv": [0, 0, 0, 1.25], "texture": "#1"},
				"south": {"uv": [0, 0, 0, 1.25], "texture": "#1"},
				"west": {"uv": [0, 0, 0, 1.25], "texture": "#1"},
				"up": {"uv": [0, 1.25, 0, 0], "texture": "#1"},
				"down": {"uv": [0, 0, 0, 1.25], "texture": "#1"}
			}
		},
		{
			"name": "skull",
			"from": [3.4309, 11.11971, 1.73491],
			"to": [12.5691, 16.84177, 12.25689],
			"rotation": {"angle": 0, "axis": "y", "origin": [8, -9.98198, -9.96124]},
			"faces": {
				"north": {"uv": [6, 5.25, 8.25, 6.75], "texture": "#1"},
				"east": {"uv": [6, 2.25, 8.5, 3.75], "texture": "#1"},
				"south": {"uv": [6.5, 0, 8.75, 1.5], "texture": "#1"},
				"west": {"uv": [6, 3.75, 8.5, 5.25], "texture": "#1"},
				"up": {"uv": [2.25, 2.5, 0, 0], "texture": "#1"},
				"down": {"uv": [4.5, 0, 2.25, 2.5], "texture": "#1"}
			}
		},
		{
			"name": "skull",
			"from": [4.00026, 8.24446, 1.73491],
			"to": [11.99974, 11.11971, 12.25689],
			"rotation": {"angle": 0, "axis": "y", "origin": [8, -9.98198, -9.96124]},
			"faces": {
				"north": {"uv": [0, 8.25, 2, 9], "texture": "#1"},
				"east": {"uv": [6.5, 1.5, 9, 2.25], "texture": "#1"},
				"south": {"uv": [8.25, 6, 10.25, 6.75], "texture": "#1"},
				"west": {"uv": [8.25, 5.25, 10.75, 6], "texture": "#1"},
				"up": {"uv": [2, 5, 0, 2.5], "texture": "#1"},
				"down": {"uv": [4, 2.5, 2, 5], "texture": "#1"}
			}
		},
		{
			"name": "jaw",
			"from": [4.01449, 7.14844, 2.41779],
			"to": [11.98551, 11.13395, 11.10394],
			"rotation": {"angle": -25, "axis": "x", "origin": [8, 9.85289, 7.6149]},
			"faces": {
				"north": {"uv": [2, 5, 4, 6], "texture": "#1"},
				"east": {"uv": [6, 6.75, 8.25, 7.75], "texture": "#1"},
				"south": {"uv": [2, 6, 4, 7], "texture": "#1"},
				"west": {"uv": [2, 7, 4.25, 8], "texture": "#1"},
				"up": {"uv": [6, 4.75, 4, 2.5], "texture": "#1"},
				"down": {"uv": [6.5, 0, 4.5, 2.25], "texture": "#1"}
			}
		},
		{
			"name": "jaw",
			"from": [4.01449, 11.13395, 2.41779],
			"to": [11.98551, 15.11946, 11.10394],
			"rotation": {"angle": -25, "axis": "x", "origin": [8, 9.85289, 7.6149]},
			"faces": {
				"north": {"uv": [0, 7.25, 2, 8.25], "texture": "#1"},
				"east": {"uv": [4.25, 7.75, 6.5, 8.75], "texture": "#1"},
				"south": {"uv": [2, 8, 4, 9], "texture": "#1"},
				"west": {"uv": [6.5, 7.75, 8.75, 8.75], "texture": "#1"},
				"up": {"uv": [6, 7, 4, 4.75], "texture": "#1"},
				"down": {"uv": [2, 5, 0, 7.25], "texture": "#1"}
			}
		},
		{
			"name": "jaw",
			"from": [4.01449, 6.00972, 5.83394],
			"to": [4.01449, 7.14844, 11.10394],
			"rotation": {"angle": -25, "axis": "x", "origin": [8, 9.85289, 7.6149]},
			"faces": {
				"north": {"uv": [0, 0, 0, 0.25], "texture": "#1"},
				"east": {"uv": [4.5, 2.25, 5.75, 2.5], "texture": "#1"},
				"south": {"uv": [0, 0, 0, 0.25], "texture": "#1"},
				"west": {"uv": [0, 0, 0, 0.25], "texture": "#1"},
				"up": {"uv": [0, 0.25, 0, 0], "texture": "#1"},
				"down": {"uv": [0, 0, 0, 0.25], "texture": "#1"}
			}
		},
		{
			"name": "jaw",
			"from": [11.98551, 6.00972, 5.83394],
			"to": [11.98551, 7.14844, 11.10394],
			"rotation": {"angle": -25, "axis": "x", "origin": [8, 9.85289, 7.6149]},
			"faces": {
				"north": {"uv": [0, 0, 0, 0.25], "texture": "#1"},
				"east": {"uv": [0, 0, 0, 0.25], "texture": "#1"},
				"south": {"uv": [0, 0, 0, 0.25], "texture": "#1"},
				"west": {"uv": [5.75, 2.25, 4.5, 2.5], "texture": "#1"},
				"up": {"uv": [0, 0.25, 0, 0], "texture": "#1"},
				"down": {"uv": [0, 0, 0, 0.25], "texture": "#1"}
			}
		}
	],
	"display": {
		"thirdperson_righthand": {
			"rotation": [58.75, 0, 0],
			"translation": [0, 0.75, 1],
			"scale": [0.55, 0.55, 0.55]
		},
		"thirdperson_lefthand": {
			"rotation": [58.75, 0, 0],
			"translation": [0, 0.75, 1],
			"scale": [0.55, 0.55, 0.55]
		},
		"firstperson_righthand": {
			"rotation": [158.92, 38.86, 176.4],
			"translation": [2.25, 1.6, 0.8],
			"scale": [0.5, 0.5, 0.5]
		},
		"firstperson_lefthand": {
			"rotation": [158.92, 38.86, 176.4],
			"translation": [2.25, 1.6, 0.8],
			"scale": [0.5, 0.5, 0.5]
		},
		"ground": {
			"translation": [0, 2, 0],
			"scale": [0.5, 0.5, 0.5]
		},
		"gui": {
			"rotation": [30, -135, 0],
			"translation": [0, -1.5, 0],
			"scale": [0.625, 0.625, 0.625]
		},
		"head": {
			"rotation": [0, 31.75, 0],
			"translation": [-4.75, 8.25, -4]
		},
		"fixed": {
			"rotation": [-67, 0, 0],
			"translation": [0, 0, -4],
			"scale": [1.5, 1.5, 1.5]
		}
	},
	"groups": [
		{
			"name": "group",
			"origin": [10, 5.25, 7.175],
			"color": 0,
			"children": [0, 1, 2, 3, 4, 5, 6]
		},
		{
			"name": "headd",
			"origin": [0, 20, 0],
			"color": 9,
			"children": [
				7,
				8,
				{
					"name": "skulk_left2",
					"origin": [0, 77.28228, 23.60337],
					"color": 0,
					"children": [
						{
							"name": "skulk_left",
							"origin": [0, 77.28228, 23.60337],
							"rotation": [0, 22.5, 0],
							"color": 0,
							"children": []
						},
						{
							"name": "skulk_right",
							"origin": [0, 77.28228, 23.60337],
							"rotation": [0, -22.5, 0],
							"color": 1,
							"children": []
						}
					]
				},
				{
					"name": "jaw",
					"origin": [0, 22.85652, 4.6149],
					"color": 5,
					"children": [9, 10, 11, 12]
				},
				{
					"name": "horn_left",
					"origin": [-4.55487, 70.1066, 25.82906],
					"rotation": [35, 0, 0],
					"color": 6,
					"children": []
				},
				{
					"name": "horn_right",
					"origin": [4.55487, 70.1066, 25.82906],
					"rotation": [35, 0, 0],
					"color": 0,
					"children": []
				}
			]
		}
	]
}