{
	"format_version": "1.21.6",
	"credit": "Made with Blockbench",
	"texture_size": [32, 32],
	"textures": {
		"0": "item/dungeon_key/piglin_key_a",
		"3": "item/dungeon_key/piglin_key",
		"particle": "item/dungeon_key/piglin_key_a"
	},
	"elements": [
		{
			"from": [4, 6, 3],
			"to": [12, 14, 11],
			"faces": {
				"north": {"uv": [0, 0, 16, 16], "texture": "#0"},
				"east": {"uv": [4.5, 0, 8.5, 4], "texture": "#3"},
				"south": {"uv": [4, 4.5, 8, 8.5], "texture": "#3"},
				"west": {"uv": [8, 4, 12, 8], "texture": "#3"},
				"up": {"uv": [12, 12, 8, 8], "texture": "#3"},
				"down": {"uv": [4, 8.5, 0, 12.5], "texture": "#3"}
			}
		},
		{
			"from": [15.65, 6.425, 5.675],
			"to": [16.25, 9.725, 8.675],
			"rotation": {"angle": 45, "axis": "z", "origin": [12, 5.25, 11.175]},
			"faces": {
				"north": {"uv": [0.5, 5, 1.5, 5.5], "rotation": 90, "texture": "#3"},
				"east": {"uv": [8.5, 2, 10, 3.5], "rotation": 180, "texture": "#3"},
				"south": {"uv": [0.5, 5, 1.5, 5.5], "rotation": 90, "texture": "#3"},
				"west": {"uv": [8.5, 2, 10, 3.5], "texture": "#3"},
				"up": {"uv": [0, 0, 1, 0], "rotation": 270, "texture": "#3"},
				"down": {"uv": [0.5, 5, 1.5, 5.5], "rotation": 90, "texture": "#3"}
			}
		},
		{
			"from": [6.15, 10.275, 5.675],
			"to": [6.75, 13.575, 8.675],
			"rotation": {"angle": -45, "axis": "z", "origin": [2.5, 14.75, 11.175]},
			"faces": {
				"north": {"uv": [0.5, 5, 1.5, 5.5], "rotation": 90, "texture": "#3"},
				"east": {"uv": [8.5, 2, 10, 3.5], "rotation": 180, "texture": "#3"},
				"south": {"uv": [0.5, 5, 1.5, 5.5], "rotation": 90, "texture": "#3"},
				"west": {"uv": [8.5, 2, 10, 3.5], "texture": "#3"},
				"up": {"uv": [0, 0, 1, 0], "rotation": 270, "texture": "#3"},
				"down": {"uv": [0.5, 5, 1.5, 5.5], "rotation": 90, "texture": "#3"}
			}
		},
		{
			"from": [7, 14, 6],
			"to": [9, 22, 8],
			"faces": {
				"north": {"uv": [4, 8.5, 5, 12.5], "texture": "#3"},
				"east": {"uv": [5, 8.5, 6, 12.5], "texture": "#3"},
				"south": {"uv": [6, 8.5, 7, 12.5], "texture": "#3"},
				"west": {"uv": [7, 8.5, 8, 12.5], "texture": "#3"},
				"up": {"uv": [11, 3, 10, 2], "texture": "#3"},
				"down": {"uv": [11, 3, 10, 4], "texture": "#3"}
			}
		},
		{
			"from": [5, 20.3, 6],
			"to": [7, 21.7, 8],
			"faces": {
				"north": {"uv": [4.5, 4, 5.5, 4.5], "texture": "#3"},
				"east": {"uv": [5.5, 4, 6.5, 4.5], "texture": "#3"},
				"south": {"uv": [6.5, 4, 7.5, 4.5], "texture": "#3"},
				"west": {"uv": [8.5, 3.5, 9.5, 4], "texture": "#3"},
				"up": {"uv": [12, 3, 11, 2], "texture": "#3"},
				"down": {"uv": [12, 3, 11, 4], "texture": "#3"}
			}
		},
		{
			"from": [5, 18.3, 6],
			"to": [7, 19.7, 8],
			"faces": {
				"north": {"uv": [12, 6.5, 13, 7], "texture": "#3"},
				"east": {"uv": [12, 7, 13, 7.5], "texture": "#3"},
				"south": {"uv": [12, 7.5, 13, 8], "texture": "#3"},
				"west": {"uv": [8, 12, 9, 12.5], "texture": "#3"},
				"up": {"uv": [13, 5.5, 12, 4.5], "texture": "#3"},
				"down": {"uv": [13, 5.5, 12, 6.5], "texture": "#3"}
			}
		},
		{
			"from": [9, 1, 6],
			"to": [11, 6, 6],
			"rotation": {"angle": 45, "axis": "x", "origin": [10, 5.25, 7.175]},
			"faces": {
				"north": {"uv": [12, 2, 13, 4.5], "texture": "#3"},
				"east": {"uv": [0, 0, 0, 2.5], "texture": "#3"},
				"south": {"uv": [12, 2, 13, 4.5], "texture": "#3"},
				"west": {"uv": [0, 0, 0, 2.5], "texture": "#3"},
				"up": {"uv": [1, 0, 0, 0], "texture": "#3"},
				"down": {"uv": [0, 0, 1, 0], "texture": "#3"}
			}
		},
		{
			"from": [8.5, 1, 2.7],
			"to": [11.5, 1, 6],
			"rotation": {"angle": 45, "axis": "x", "origin": [10, 5.25, 7.175]},
			"faces": {
				"north": {"uv": [0, 0, 1, 0], "texture": "#3"},
				"east": {"uv": [0, 0, 1, 0], "texture": "#3"},
				"south": {"uv": [0, 0, 1, 0], "texture": "#3"},
				"west": {"uv": [0, 0, 1, 0], "texture": "#3"},
				"up": {"uv": [10, 3.5, 8.5, 2], "texture": "#3"},
				"down": {"uv": [8.5, 2, 10, 3.5], "texture": "#3"}
			}
		},
		{
			"from": [4.5, 1, 2.7],
			"to": [7.5, 1, 6],
			"rotation": {"angle": 45, "axis": "x", "origin": [10, 5.25, 7.175]},
			"faces": {
				"north": {"uv": [0, 0, 1, 0], "texture": "#3"},
				"east": {"uv": [0, 0, 1, 0], "texture": "#3"},
				"south": {"uv": [0, 0, 1, 0], "texture": "#3"},
				"west": {"uv": [0, 0, 1, 0], "texture": "#3"},
				"up": {"uv": [8.5, 2, 10, 3.5], "texture": "#3"},
				"down": {"uv": [8.5, 2, 10, 3.5], "texture": "#3"}
			}
		},
		{
			"from": [5, 1, 6],
			"to": [7, 6, 6],
			"rotation": {"angle": 45, "axis": "x", "origin": [10, 5.25, 7.175]},
			"faces": {
				"north": {"uv": [12, 2, 13, 4.5], "texture": "#3"},
				"east": {"uv": [0, 0, 0, 2.5], "texture": "#3"},
				"south": {"uv": [12, 2, 13, 4.5], "texture": "#3"},
				"west": {"uv": [0, 0, 0, 2.5], "texture": "#3"},
				"up": {"uv": [0, 0, 1, 0], "texture": "#3"},
				"down": {"uv": [0, 0, 1, 0], "texture": "#3"}
			}
		},
		{
			"name": "head3",
			"from": [3.75, 11.6, 2.45],
			"to": [12.15, 15, 11.45],
			"rotation": {"angle": 0, "axis": "y", "origin": [7.35, 13.4, 13.7]},
			"faces": {
				"north": {"uv": [8.5, 0, 13, 2], "texture": "#3"},
				"east": {"uv": [8.5, 0, 13, 2], "texture": "#3"},
				"south": {"uv": [8.5, 0, 13, 2], "texture": "#3"},
				"west": {"uv": [8.5, 0, 13, 2], "texture": "#3"},
				"down": {"uv": [4.5, 0, 0, 4.5], "texture": "#3"}
			}
		}
	],
	"display": {
		"thirdperson_righthand": {
			"rotation": [58.75, 0, 0],
			"translation": [0, 0.75, 1],
			"scale": [0.55, 0.55, 0.55]
		},
		"thirdperson_lefthand": {
			"rotation": [58.75, 0, 0],
			"translation": [0, 0.75, 1],
			"scale": [0.55, 0.55, 0.55]
		},
		"firstperson_righthand": {
			"rotation": [158.92, 38.86, 176.4],
			"translation": [2.25, 1.6, 0.8],
			"scale": [0.5, 0.5, 0.5]
		},
		"firstperson_lefthand": {
			"rotation": [158.92, 38.86, 176.4],
			"translation": [2.25, 1.6, 0.8],
			"scale": [0.5, 0.5, 0.5]
		},
		"ground": {
			"translation": [0, 2, 0],
			"scale": [0.5, 0.5, 0.5]
		},
		"gui": {
			"rotation": [30, -135, 0],
			"translation": [0, -1.5, 0],
			"scale": [0.625, 0.625, 0.625]
		},
		"head": {
			"rotation": [0, 31.75, 0],
			"translation": [-4.75, 8.25, -4]
		},
		"fixed": {
			"rotation": [-67, 0, 0],
			"translation": [0, 0, -4],
			"scale": [1.5, 1.5, 1.5]
		}
	},
	"groups": [
		0,
		1,
		2,
		{
			"name": "group",
			"origin": [10, 5.25, 7.175],
			"color": 0,
			"children": [3, 4, 5, 6, 7, 8, 9]
		},
		10
	]
}