{
    "model": {
        "type": "range_dispatch",
        "property": "custom_model_data",
        "fallback": {
            "type": "model",
            "model": "item/netherite_axe"
        },
        "entries": [
            {
                "threshold": 1212,
                "model": {
                    "type": "model",
                    "model": "deluxe_axe"
                }
            },
            {
                "threshold": 1214,
                "model": {
                    "type": "model",
                    "model": "void_axe"
                }
            },
            {
                "threshold": 1215,
                "model": {
                    "type": "model",
                    "model": "power_axe"
                }
            },
            {
                "threshold": 1216,
                "model": {
                    "type": "model",
                    "model": "master_axe"
                }
            }
        ]
    }
}