{
    "model": {
        "type": "range_dispatch",
        "property": "custom_model_data",
        "fallback": {
            "type": "model",
            "model": "item/netherite_sword"
        },
        "entries": [
            {
                "threshold": 1211,
                "model": {
                    "type": "model",
                    "model": "soulscythe"
                }
            },
            {
                "threshold": 1212,
                "model": {
                    "type": "model",
                    "model": "deluxe_sword"
                }
            },
            {
                "threshold": 1213,
                "model": {
                    "type": "model",
                    "model": "firebrand"
                }
            },
            {
                "threshold": 1214,
                "model": {
                    "type": "model",
                    "model": "voidsword"
                }
            },
            {
                "threshold": 1215,
                "model": {
                    "type": "model",
                    "model": "power_sword"
                }
            },
            {
                "threshold": 1216,
                "model": {
                    "type": "model",
                    "model": "master_sword"
                }
            },
            {
                "threshold": 1217,
                "model": {
                    "type": "model",
                    "model": "zeekarian"
                }
            },
            {
                "threshold": 1218,
                "model": {
                    "type": "model",
                    "model": "zeekarian_fire"
                }
            },
            {
                "threshold": 1219,
                "model": {
                    "type": "model",
                    "model": "zeekarian_water"
                }
            },
            {
                "threshold": 1220,
                "model": {
                    "type": "model",
                    "model": "zeekarian_wind"
                }
            },
            {
                "threshold": 1221,
                "model": {
                    "type": "model",
                    "model": "zeekarian_rock"
                }
            },
            {
                "threshold": 1222,
                "model": {
                    "type": "model",
                    "model": "zeekarian_thunder"
                }
            },
            {
                "threshold": 1223,
                "model": {
                    "type": "model",
                    "model": "zeekarian_moon"
                }
            },
            {
                "threshold": 1224,
                "model": {
                    "type": "model",
                    "model": "zeekarian_sun"
                }
            }
        ]
    }
}